t_ms,dt_ms,rate,mcs,nss,bw,snr_db,collision,sr,tpt_mbps,best_tpt_mbps,mode,state
0.0,31.37,MCS0·SISO·20MHz·0.8us,0,1,20,60.0,0.00,1.000,7.7,2416.0,search,STAY
31.4,15.69,MCS1·SISO·20MHz·0.8us,1,1,20,60.0,0.00,1.000,15.3,2416.0,search,STAY
47.1,10.46,MCS2·SISO·20MHz·0.8us,2,1,20,60.0,0.00,1.000,22.9,2416.0,search,STAY
57.5,7.84,MCS3·SISO·20MHz·0.8us,3,1,20,60.0,0.00,1.000,30.6,2416.0,search,STAY
65.4,5.23,MCS4·SISO·20MHz·0.8us,4,1,20,60.0,0.00,1.000,45.9,2416.0,search,STAY
70.6,3.92,MCS5·SISO·20MHz·0.8us,5,1,20,60.0,0.00,1.000,61.2,2416.0,search,STAY
74.5,3.48,MCS6·SISO·20MHz·0.8us,6,1,20,60.0,0.00,1.000,68.9,2416.0,search,STAY
78.0,3.14,MCS7·SISO·20MHz·0.8us,7,1,20,60.0,0.00,1.000,76.5,2416.0,search,STAY
81.1,2.61,MCS8·SISO·20MHz·0.8us,8,1,20,60.0,0.00,1.000,91.9,2416.0,search,STAY
83.7,2.35,MCS9·SISO·20MHz·0.8us,9,1,20,60.0,0.00,1.000,102.1,2416.0,search,STAY
86.1,2.09,MCS10·SISO·20MHz·0.8us,10,1,20,60.0,0.00,1.000,114.8,2416.0,search,STAY
88.2,1.88,MCS11·SISO·20MHz·0.8us,11,1,20,60.0,0.00,1.000,127.6,2416.0,search,STAY
90.1,1.76,MCS12·SISO·20MHz·0.8us,12,1,20,60.0,0.00,1.000,136.8,2416.0,search,STAY
91.8,1.59,MCS13·SISO·20MHz·0.8us,13,1,20,60.0,0.00,1.000,151.0,2416.0,search,STAY
93.4,158.94,MCS13·SISO·20MHz·0.8us,13,1,20,60.0,0.00,1.000,151.0,2416.0,dwell,STAY
252.3,158.94,MCS13·SISO·20MHz·0.8us,13,1,20,60.0,0.00,1.000,151.0,2416.0,dwell,STAY
411.3,158.94,MCS13·SISO·20MHz·0.8us,13,1,20,60.0,0.00,1.000,151.0,2416.0,dwell,STAY
570.2,0.79,MCS13·MIMO·20MHz·0.8us,13,2,20,60.0,0.00,1.000,302.0,2416.0,search,SEARCH
571.0,0.79,MCS13·SISO·40MHz·0.8us,13,1,40,60.0,0.00,1.000,302.0,2416.0,search,SEARCH
571.8,1.87,MCS13·SISO·20MHz·3.2us,13,1,20,60.0,0.00,1.000,128.3,2416.0,search,SEARCH
573.7,79.47,MCS13·MIMO·20MHz·0.8us,13,2,20,60.0,0.00,1.000,302.0,2416.0,dwell,STAY
653.1,79.47,MCS13·MIMO·20MHz·0.8us,13,2,20,60.0,0.00,1.000,302.0,2416.0,dwell,STAY
732.6,79.47,MCS13·MIMO·20MHz·0.8us,13,2,20,60.0,0.00,1.000,302.0,2416.0,dwell,STAY
812.1,79.47,MCS13·MIMO·20MHz·0.8us,13,2,20,60.0,0.00,1.000,302.0,2416.0,dwell,STAY
891.6,79.47,MCS13·MIMO·20MHz·0.8us,13,2,20,60.0,0.00,1.000,302.0,2416.0,dwell,STAY
971.0,1.59,MCS13·SISO·20MHz·0.8us,13,1,20,60.0,0.00,1.000,151.0,2416.0,search,SEARCH
972.6,0.40,MCS13·MIMO·40MHz·0.8us,13,2,40,60.0,0.00,1.000,604.0,2416.0,search,SEARCH
973.0,0.93,MCS13·MIMO·20MHz·3.2us,13,2,20,60.0,0.00,1.000,256.7,2416.0,search,SEARCH
973.9,39.74,MCS13·MIMO·40MHz·0.8us,13,2,40,60.0,0.00,1.000,604.0,2416.0,dwell,STAY
1013.7,39.74,MCS13·MIMO·40MHz·0.8us,13,2,40,60.0,0.00,1.000,604.0,2416.0,dwell,STAY
1053.4,39.74,MCS13·MIMO·40MHz·0.8us,13,2,40,60.0,0.00,1.000,604.0,2416.0,dwell,STAY
1093.2,39.74,MCS13·MIMO·40MHz·0.8us,13,2,40,60.0,0.00,1.000,604.0,2416.0,dwell,STAY
1132.9,39.74,MCS13·MIMO·40MHz·0.8us,13,2,40,60.0,0.00,1.000,604.0,2416.0,dwell,STAY
1172.6,39.74,MCS13·MIMO·40MHz·0.8us,13,2,40,60.0,0.00,1.000,604.0,2416.0,dwell,STAY
1212.4,39.74,MCS13·MIMO·40MHz·0.8us,13,2,40,60.0,0.00,1.000,604.0,2416.0,dwell,STAY
1252.1,39.74,MCS13·MIMO·40MHz·0.8us,13,2,40,60.0,0.00,1.000,604.0,2416.0,dwell,STAY
1291.8,39.74,MCS13·MIMO·40MHz·0.8us,13,2,40,60.0,0.00,1.000,604.0,2416.0,dwell,STAY
1331.6,0.79,MCS13·SISO·40MHz·0.8us,13,1,40,60.0,0.00,1.000,302.0,2416.0,search,SEARCH
1332.4,0.20,MCS13·MIMO·80MHz·0.8us,13,2,80,60.0,0.00,1.000,1208.0,2416.0,search,SEARCH
1332.6,0.79,MCS13·MIMO·20MHz·0.8us,13,2,20,60.0,0.00,1.000,302.0,2416.0,search,SEARCH
1333.4,0.47,MCS13·MIMO·40MHz·3.2us,13,2,40,60.0,0.00,1.000,513.4,2416.0,search,SEARCH
1333.8,19.87,MCS13·MIMO·80MHz·0.8us,13,2,80,60.0,0.00,1.000,1208.0,2416.0,dwell,STAY
1353.7,19.87,MCS13·MIMO·80MHz·0.8us,13,2,80,60.0,0.00,1.000,1208.0,2416.0,dwell,STAY
1373.6,19.87,MCS13·MIMO·80MHz·0.8us,13,2,80,60.0,0.00,1.000,1208.0,2416.0,dwell,STAY
1393.4,19.87,MCS13·MIMO·80MHz·0.8us,13,2,80,60.0,0.00,1.000,1208.0,2416.0,dwell,STAY
1413.3,19.87,MCS13·MIMO·80MHz·0.8us,13,2,80,60.0,0.00,1.000,1208.0,2416.0,dwell,STAY
1433.2,19.87,MCS13·MIMO·80MHz·0.8us,13,2,80,60.0,0.00,1.000,1208.0,2416.0,dwell,STAY
1453.0,19.87,MCS13·MIMO·80MHz·0.8us,13,2,80,60.0,0.00,1.000,1208.0,2416.0,dwell,STAY
1472.9,19.87,MCS13·MIMO·80MHz·0.8us,13,2,80,60.0,0.00,1.000,1208.0,2416.0,dwell,STAY
1492.8,19.87,MCS13·MIMO·80MHz·0.8us,13,2,80,60.0,0.00,1.000,1208.0,2416.0,dwell,STAY
1512.6,19.87,MCS13·MIMO·80MHz·0.8us,13,2,80,60.0,0.00,1.000,1208.0,2416.0,dwell,STAY
1532.5,19.87,MCS13·MIMO·80MHz·0.8us,13,2,80,60.0,0.00,1.000,1208.0,2416.0,dwell,STAY
1552.4,19.87,MCS13·MIMO·80MHz·0.8us,13,2,80,60.0,0.00,1.000,1208.0,2416.0,dwell,STAY
1572.2,19.87,MCS13·MIMO·80MHz·0.8us,13,2,80,60.0,0.00,1.000,1208.0,2416.0,dwell,STAY
1592.1,19.87,MCS13·MIMO·80MHz·0.8us,13,2,80,60.0,0.00,1.000,1208.0,2416.0,dwell,STAY
1612.0,19.87,MCS13·MIMO·80MHz·0.8us,13,2,80,60.0,0.00,1.000,1208.0,2416.0,dwell,STAY
1631.8,19.87,MCS13·MIMO·80MHz·0.8us,13,2,80,60.0,0.00,1.000,1208.0,2416.0,dwell,STAY
1651.7,19.87,MCS13·MIMO·80MHz·0.8us,13,2,80,60.0,0.00,1.000,1208.0,2416.0,dwell,STAY
1671.6,0.40,MCS13·SISO·80MHz·0.8us,13,1,80,60.0,0.00,1.000,604.0,2416.0,search,SEARCH
1672.0,0.10,MCS13·MIMO·160MHz·0.8us,13,2,160,60.0,0.00,1.000,2416.0,2416.0,search,SEARCH
1672.1,0.40,MCS13·MIMO·40MHz·0.8us,13,2,40,60.0,0.00,1.000,604.0,2416.0,search,SEARCH
1672.5,0.23,MCS13·MIMO·80MHz·3.2us,13,2,80,60.0,0.00,1.000,1026.8,2416.0,search,SEARCH
1672.7,9.93,MCS13·MIMO·160MHz·0.8us,13,2,160,60.0,0.00,1.000,2416.0,2416.0,dwell,STAY
1682.6,9.93,MCS13·MIMO·160MHz·0.8us,13,2,160,60.0,0.00,1.000,2416.0,2416.0,dwell,STAY
1692.6,9.93,MCS13·MIMO·160MHz·0.8us,13,2,160,60.0,0.00,1.000,2416.0,2416.0,dwell,STAY
1702.5,9.93,MCS13·MIMO·160MHz·0.8us,13,2,160,60.0,0.00,1.000,2416.0,2416.0,dwell,STAY
1712.4,9.93,MCS13·MIMO·160MHz·0.8us,13,2,160,60.0,0.00,1.000,2416.0,2416.0,dwell,STAY
1722.4,9.93,MCS13·MIMO·160MHz·0.8us,13,2,160,60.0,0.00,1.000,2416.0,2416.0,dwell,STAY
1732.3,9.93,MCS13·MIMO·160MHz·0.8us,13,2,160,60.0,0.00,1.000,2416.0,2416.0,dwell,STAY
1742.2,9.93,MCS13·MIMO·160MHz·0.8us,13,2,160,60.0,0.00,1.000,2416.0,2416.0,dwell,STAY
1752.2,9.93,MCS13·MIMO·160MHz·0.8us,13,2,160,60.0,0.00,1.000,2416.0,2416.0,dwell,STAY
1762.1,9.93,MCS13·MIMO·160MHz·0.8us,13,2,160,60.0,0.00,1.000,2416.0,2416.0,dwell,STAY
1772.0,9.93,MCS13·MIMO·160MHz·0.8us,13,2,160,60.0,0.00,1.000,2416.0,2416.0,dwell,STAY
1782.0,9.93,MCS13·MIMO·160MHz·0.8us,13,2,160,60.0,0.00,1.000,2416.0,2416.0,dwell,STAY
1791.9,9.93,MCS13·MIMO·160MHz·0.8us,13,2,160,60.0,0.00,1.000,2416.0,2416.0,dwell,STAY
1801.8,9.93,MCS13·MIMO·160MHz·0.8us,13,2,160,60.0,0.00,1.000,2416.0,2416.0,dwell,STAY
1811.8,9.93,MCS13·MIMO·160MHz·0.8us,13,2,160,60.0,0.00,1.000,2416.0,2416.0,dwell,STAY
1821.7,9.93,MCS13·MIMO·160MHz·0.8us,13,2,160,60.0,0.00,1.000,2416.0,2416.0,dwell,STAY
1831.6,9.93,MCS13·MIMO·160MHz·0.8us,13,2,160,60.0,0.00,1.000,2416.0,2416.0,dwell,STAY
1841.6,9.93,MCS13·MIMO·160MHz·0.8us,13,2,160,60.0,0.00,1.000,2416.0,2416.0,dwell,STAY
1851.5,9.93,MCS13·MIMO·160MHz·0.8us,13,2,160,60.0,0.00,1.000,2416.0,2416.0,dwell,STAY
1861.4,9.93,MCS13·MIMO·160MHz·0.8us,13,2,160,60.0,0.00,1.000,2416.0,2416.0,dwell,STAY
1871.4,9.93,MCS13·MIMO·160MHz·0.8us,13,2,160,60.0,0.00,1.000,2416.0,2416.0,dwell,STAY
1881.3,9.93,MCS13·MIMO·160MHz·0.8us,13,2,160,60.0,0.00,1.000,2416.0,2416.0,dwell,STAY
1891.2,9.93,MCS13·MIMO·160MHz·0.8us,13,2,160,60.0,0.00,1.000,2416.0,2416.0,dwell,STAY
1901.2,9.93,MCS13·MIMO·160MHz·0.8us,13,2,160,60.0,0.00,1.000,2416.0,2416.0,dwell,STAY
1911.1,9.93,MCS13·MIMO·160MHz·0.8us,13,2,160,60.0,0.00,1.000,2416.0,2416.0,dwell,STAY
1921.0,9.93,MCS13·MIMO·160MHz·0.8us,13,2,160,60.0,0.00,1.000,2416.0,2416.0,dwell,STAY
1931.0,9.93,MCS13·MIMO·160MHz·0.8us,13,2,160,60.0,0.00,1.000,2416.0,2416.0,dwell,STAY
1940.9,9.93,MCS13·MIMO·160MHz·0.8us,13,2,160,60.0,0.00,1.000,2416.0,2416.0,dwell,STAY
1950.8,9.93,MCS13·MIMO·160MHz·0.8us,13,2,160,60.0,0.00,1.000,2416.0,2416.0,dwell,STAY
1960.8,9.93,MCS13·MIMO·160MHz·0.8us,13,2,160,60.0,0.00,1.000,2416.0,2416.0,dwell,STAY
1970.7,9.93,MCS13·MIMO·160MHz·0.8us,13,2,160,60.0,0.00,1.000,2416.0,2416.0,dwell,STAY
1980.6,9.93,MCS13·MIMO·160MHz·0.8us,13,2,160,60.0,0.00,1.000,2416.0,2416.0,dwell,STAY
1990.6,0.20,MCS13·SISO·160MHz·0.8us,13,1,160,60.0,0.00,1.000,1208.0,2416.0,search,SEARCH
1990.8,0.20,MCS13·MIMO·80MHz·0.8us,13,2,80,60.0,0.00,1.000,1208.0,2416.0,search,SEARCH
1991.0,0.12,MCS13·MIMO·160MHz·3.2us,13,2,160,60.0,0.00,1.000,2053.6,2416.0,search,SEARCH
1991.1,9.93,MCS13·MIMO·160MHz·0.8us,13,2,160,60.0,0.00,1.000,2416.0,2416.0,dwell,STAY
2001.0,9.93,MCS13·MIMO·160MHz·0.8us,13,2,160,60.0,0.00,1.000,2416.0,2416.0,dwell,STAY
2011.0,9.93,MCS13·MIMO·160MHz·0.8us,13,2,160,60.0,0.00,1.000,2416.0,2416.0,dwell,STAY
2020.9,9.93,MCS13·MIMO·160MHz·0.8us,13,2,160,60.0,0.00,1.000,2416.0,2416.0,dwell,STAY
2030.8,9.93,MCS13·MIMO·160MHz·0.8us,13,2,160,60.0,0.00,1.000,2416.0,2416.0,dwell,STAY
2040.8,9.93,MCS13·MIMO·160MHz·0.8us,13,2,160,60.0,0.00,1.000,2416.0,2416.0,dwell,STAY
2050.7,9.93,MCS13·MIMO·160MHz·0.8us,13,2,160,60.0,0.00,1.000,2416.0,2416.0,dwell,STAY
2060.6,9.93,MCS13·MIMO·160MHz·0.8us,13,2,160,60.0,0.00,1.000,2416.0,2416.0,dwell,STAY
2070.6,9.93,MCS13·MIMO·160MHz·0.8us,13,2,160,60.0,0.00,1.000,2416.0,2416.0,dwell,STAY
2080.5,9.93,MCS13·MIMO·160MHz·0.8us,13,2,160,60.0,0.00,1.000,2416.0,2416.0,dwell,STAY
2090.4,9.93,MCS13·MIMO·160MHz·0.8us,13,2,160,60.0,0.00,1.000,2416.0,2416.0,dwell,STAY
2100.4,9.93,MCS13·MIMO·160MHz·0.8us,13,2,160,60.0,0.00,1.000,2416.0,2416.0,dwell,STAY
2110.3,9.93,MCS13·MIMO·160MHz·0.8us,13,2,160,60.0,0.00,1.000,2416.0,2416.0,dwell,STAY
2120.2,9.93,MCS13·MIMO·160MHz·0.8us,13,2,160,60.0,0.00,1.000,2416.0,2416.0,dwell,STAY
2130.2,9.93,MCS13·MIMO·160MHz·0.8us,13,2,160,60.0,0.00,1.000,2416.0,2416.0,dwell,STAY
2140.1,9.93,MCS13·MIMO·160MHz·0.8us,13,2,160,60.0,0.00,1.000,2416.0,2416.0,dwell,STAY
2150.0,9.93,MCS13·MIMO·160MHz·0.8us,13,2,160,60.0,0.00,1.000,2416.0,2416.0,dwell,STAY
2160.0,9.93,MCS13·MIMO·160MHz·0.8us,13,2,160,60.0,0.00,1.000,2416.0,2416.0,dwell,STAY
2169.9,9.93,MCS13·MIMO·160MHz·0.8us,13,2,160,60.0,0.00,1.000,2416.0,2416.0,dwell,STAY
2179.8,9.93,MCS13·MIMO·160MHz·0.8us,13,2,160,60.0,0.00,1.000,2416.0,2416.0,dwell,STAY
2189.8,9.93,MCS13·MIMO·160MHz·0.8us,13,2,160,60.0,0.00,1.000,2416.0,2416.0,dwell,STAY
2199.7,9.93,MCS13·MIMO·160MHz·0.8us,13,2,160,60.0,0.00,1.000,2416.0,2416.0,dwell,STAY
2209.6,9.93,MCS13·MIMO·160MHz·0.8us,13,2,160,60.0,0.00,1.000,2416.0,2416.0,dwell,STAY
2219.6,9.93,MCS13·MIMO·160MHz·0.8us,13,2,160,60.0,0.00,1.000,2416.0,2416.0,dwell,STAY
2229.5,9.93,MCS13·MIMO·160MHz·0.8us,13,2,160,60.0,0.00,1.000,2416.0,2416.0,dwell,STAY
2239.4,9.93,MCS13·MIMO·160MHz·0.8us,13,2,160,60.0,0.00,1.000,2416.0,2416.0,dwell,STAY
2249.4,9.93,MCS13·MIMO·160MHz·0.8us,13,2,160,60.0,0.00,1.000,2416.0,2416.0,dwell,STAY
2259.3,9.93,MCS13·MIMO·160MHz·0.8us,13,2,160,60.0,0.00,1.000,2416.0,2416.0,dwell,STAY
2269.2,9.93,MCS13·MIMO·160MHz·0.8us,13,2,160,60.0,0.00,1.000,2416.0,2416.0,dwell,STAY
2279.2,9.93,MCS13·MIMO·160MHz·0.8us,13,2,160,60.0,0.00,1.000,2416.0,2416.0,dwell,STAY
2289.1,9.93,MCS13·MIMO·160MHz·0.8us,13,2,160,60.0,0.00,1.000,2416.0,2416.0,dwell,STAY
2299.0,9.93,MCS13·MIMO·160MHz·0.8us,13,2,160,60.0,0.00,1.000,2416.0,2416.0,dwell,STAY
2309.0,0.20,MCS13·SISO·160MHz·0.8us,13,1,160,60.0,0.00,1.000,1208.0,2416.0,search,SEARCH
2309.2,0.20,MCS13·MIMO·80MHz·0.8us,13,2,80,60.0,0.00,1.000,1208.0,2416.0,search,SEARCH
2309.4,0.12,MCS13·MIMO·160MHz·3.2us,13,2,160,60.0,0.00,1.000,2053.6,2416.0,search,SEARCH
2309.5,9.93,MCS13·MIMO·160MHz·0.8us,13,2,160,60.0,0.00,1.000,2416.0,2416.0,dwell,STAY
2319.4,9.93,MCS13·MIMO·160MHz·0.8us,13,2,160,60.0,0.00,1.000,2416.0,2416.0,dwell,STAY
2329.4,9.93,MCS13·MIMO·160MHz·0.8us,13,2,160,60.0,0.00,1.000,2416.0,2416.0,dwell,STAY
2339.3,9.93,MCS13·MIMO·160MHz·0.8us,13,2,160,60.0,0.00,1.000,2416.0,2416.0,dwell,STAY
2349.2,9.93,MCS13·MIMO·160MHz·0.8us,13,2,160,60.0,0.00,1.000,2416.0,2416.0,dwell,STAY
2359.2,9.93,MCS13·MIMO·160MHz·0.8us,13,2,160,60.0,0.00,1.000,2416.0,2416.0,dwell,STAY
2369.1,9.93,MCS13·MIMO·160MHz·0.8us,13,2,160,60.0,0.00,1.000,2416.0,2416.0,dwell,STAY
2379.0,9.93,MCS13·MIMO·160MHz·0.8us,13,2,160,60.0,0.00,1.000,2416.0,2416.0,dwell,STAY
2389.0,9.93,MCS13·MIMO·160MHz·0.8us,13,2,160,60.0,0.00,1.000,2416.0,2416.0,dwell,STAY
2398.9,9.93,MCS13·MIMO·160MHz·0.8us,13,2,160,60.0,0.00,1.000,2416.0,2416.0,dwell,STAY
2408.8,9.93,MCS13·MIMO·160MHz·0.8us,13,2,160,60.0,0.00,1.000,2416.0,2416.0,dwell,STAY
2418.8,9.93,MCS13·MIMO·160MHz·0.8us,13,2,160,60.0,0.00,1.000,2416.0,2416.0,dwell,STAY
2428.7,9.93,MCS13·MIMO·160MHz·0.8us,13,2,160,60.0,0.00,1.000,2416.0,2416.0,dwell,STAY
2438.6,9.93,MCS13·MIMO·160MHz·0.8us,13,2,160,60.0,0.00,1.000,2416.0,2416.0,dwell,STAY
2448.6,9.93,MCS13·MIMO·160MHz·0.8us,13,2,160,60.0,0.00,1.000,2416.0,2416.0,dwell,STAY
2458.5,9.93,MCS13·MIMO·160MHz·0.8us,13,2,160,60.0,0.00,1.000,2416.0,2416.0,dwell,STAY
2468.4,9.93,MCS13·MIMO·160MHz·0.8us,13,2,160,60.0,0.00,1.000,2416.0,2416.0,dwell,STAY
2478.4,9.93,MCS13·MIMO·160MHz·0.8us,13,2,160,60.0,0.00,1.000,2416.0,2416.0,dwell,STAY
2488.3,9.93,MCS13·MIMO·160MHz·0.8us,13,2,160,60.0,0.00,1.000,2416.0,2416.0,dwell,STAY
2498.2,9.93,MCS13·MIMO·160MHz·0.8us,13,2,160,60.0,0.00,1.000,2416.0,2416.0,dwell,STAY
2508.2,9.93,MCS13·MIMO·160MHz·0.8us,13,2,160,60.0,0.00,1.000,2416.0,2416.0,dwell,STAY
2518.1,9.93,MCS13·MIMO·160MHz·0.8us,13,2,160,60.0,0.00,1.000,2416.0,2416.0,dwell,STAY
2528.0,9.93,MCS13·MIMO·160MHz·0.8us,13,2,160,60.0,0.00,1.000,2416.0,2416.0,dwell,STAY
2538.0,9.93,MCS13·MIMO·160MHz·0.8us,13,2,160,60.0,0.00,1.000,2416.0,2416.0,dwell,STAY
2547.9,9.93,MCS13·MIMO·160MHz·0.8us,13,2,160,60.0,0.00,1.000,2416.0,2416.0,dwell,STAY
2557.8,9.93,MCS13·MIMO·160MHz·0.8us,13,2,160,60.0,0.00,1.000,2416.0,2416.0,dwell,STAY
2567.8,9.93,MCS13·MIMO·160MHz·0.8us,13,2,160,60.0,0.00,1.000,2416.0,2416.0,dwell,STAY
2577.7,9.93,MCS13·MIMO·160MHz·0.8us,13,2,160,60.0,0.00,1.000,2416.0,2416.0,dwell,STAY
2587.6,9.93,MCS13·MIMO·160MHz·0.8us,13,2,160,60.0,0.00,1.000,2416.0,2416.0,dwell,STAY
2597.6,9.93,MCS13·MIMO·160MHz·0.8us,13,2,160,60.0,0.00,1.000,2416.0,2416.0,dwell,STAY
2607.5,9.93,MCS13·MIMO·160MHz·0.8us,13,2,160,60.0,0.00,1.000,2416.0,2416.0,dwell,STAY
2617.4,9.93,MCS13·MIMO·160MHz·0.8us,13,2,160,60.0,0.00,1.000,2416.0,2416.0,dwell,STAY
2627.4,0.20,MCS13·SISO·160MHz·0.8us,13,1,160,60.0,0.00,1.000,1208.0,2416.0,search,SEARCH
2627.6,0.20,MCS13·MIMO·80MHz·0.8us,13,2,80,60.0,0.00,1.000,1208.0,2416.0,search,SEARCH
2627.8,0.12,MCS13·MIMO·160MHz·3.2us,13,2,160,60.0,0.00,1.000,2053.6,2416.0,search,SEARCH
2627.9,9.93,MCS13·MIMO·160MHz·0.8us,13,2,160,60.0,0.00,1.000,2416.0,2416.0,dwell,STAY
2637.8,9.93,MCS13·MIMO·160MHz·0.8us,13,2,160,60.0,0.00,1.000,2416.0,2416.0,dwell,STAY
2647.7,9.93,MCS13·MIMO·160MHz·0.8us,13,2,160,60.0,0.00,1.000,2416.0,2416.0,dwell,STAY
2657.7,9.93,MCS13·MIMO·160MHz·0.8us,13,2,160,60.0,0.00,1.000,2416.0,2416.0,dwell,STAY
2667.6,9.93,MCS13·MIMO·160MHz·0.8us,13,2,160,60.0,0.00,1.000,2416.0,2416.0,dwell,STAY
2677.5,9.93,MCS13·MIMO·160MHz·0.8us,13,2,160,60.0,0.00,1.000,2416.0,2416.0,dwell,STAY
2687.5,9.93,MCS13·MIMO·160MHz·0.8us,13,2,160,60.0,0.00,1.000,2416.0,2416.0,dwell,STAY
2697.4,9.93,MCS13·MIMO·160MHz·0.8us,13,2,160,60.0,0.00,1.000,2416.0,2416.0,dwell,STAY
2707.4,9.93,MCS13·MIMO·160MHz·0.8us,13,2,160,60.0,0.00,1.000,2416.0,2416.0,dwell,STAY
2717.3,9.93,MCS13·MIMO·160MHz·0.8us,13,2,160,60.0,0.00,1.000,2416.0,2416.0,dwell,STAY
2727.2,9.93,MCS13·MIMO·160MHz·0.8us,13,2,160,60.0,0.00,1.000,2416.0,2416.0,dwell,STAY
2737.2,9.93,MCS13·MIMO·160MHz·0.8us,13,2,160,60.0,0.00,1.000,2416.0,2416.0,dwell,STAY
2747.1,9.93,MCS13·MIMO·160MHz·0.8us,13,2,160,60.0,0.00,1.000,2416.0,2416.0,dwell,STAY
2757.0,9.93,MCS13·MIMO·160MHz·0.8us,13,2,160,60.0,0.00,1.000,2416.0,2416.0,dwell,STAY
2767.0,9.93,MCS13·MIMO·160MHz·0.8us,13,2,160,60.0,0.00,1.000,2416.0,2416.0,dwell,STAY
2776.9,9.93,MCS13·MIMO·160MHz·0.8us,13,2,160,60.0,0.00,1.000,2416.0,2416.0,dwell,STAY
2786.8,9.93,MCS13·MIMO·160MHz·0.8us,13,2,160,60.0,0.00,1.000,2416.0,2416.0,dwell,STAY
2796.8,9.93,MCS13·MIMO·160MHz·0.8us,13,2,160,60.0,0.00,1.000,2416.0,2416.0,dwell,STAY
2806.7,9.93,MCS13·MIMO·160MHz·0.8us,13,2,160,60.0,0.00,1.000,2416.0,2416.0,dwell,STAY
2816.6,9.93,MCS13·MIMO·160MHz·0.8us,13,2,160,60.0,0.00,1.000,2416.0,2416.0,dwell,STAY
2826.6,9.93,MCS13·MIMO·160MHz·0.8us,13,2,160,60.0,0.00,1.000,2416.0,2416.0,dwell,STAY
2836.5,9.93,MCS13·MIMO·160MHz·0.8us,13,2,160,60.0,0.00,1.000,2416.0,2416.0,dwell,STAY
2846.4,9.93,MCS13·MIMO·160MHz·0.8us,13,2,160,60.0,0.00,1.000,2416.0,2416.0,dwell,STAY
2856.4,9.93,MCS13·MIMO·160MHz·0.8us,13,2,160,60.0,0.00,1.000,2416.0,2416.0,dwell,STAY
2866.3,9.93,MCS13·MIMO·160MHz·0.8us,13,2,160,60.0,0.00,1.000,2416.0,2416.0,dwell,STAY
2876.2,9.93,MCS13·MIMO·160MHz·0.8us,13,2,160,60.0,0.00,1.000,2416.0,2416.0,dwell,STAY
2886.2,9.93,MCS13·MIMO·160MHz·0.8us,13,2,160,60.0,0.00,1.000,2416.0,2416.0,dwell,STAY
2896.1,9.93,MCS13·MIMO·160MHz·0.8us,13,2,160,60.0,0.00,1.000,2416.0,2416.0,dwell,STAY
2906.0,9.93,MCS13·MIMO·160MHz·0.8us,13,2,160,60.0,0.00,1.000,2416.0,2416.0,dwell,STAY
2916.0,9.93,MCS13·MIMO·160MHz·0.8us,13,2,160,60.0,0.00,1.000,2416.0,2416.0,dwell,STAY
2925.9,9.93,MCS13·MIMO·160MHz·0.8us,13,2,160,60.0,0.00,1.000,2416.0,2416.0,dwell,STAY
2935.8,9.93,MCS13·MIMO·160MHz·0.8us,13,2,160,60.0,0.00,1.000,2416.0,2416.0,dwell,STAY
2945.8,0.20,MCS13·SISO·160MHz·0.8us,13,1,160,60.0,0.00,1.000,1208.0,2416.0,search,SEARCH
2946.0,0.20,MCS13·MIMO·80MHz·0.8us,13,2,80,60.0,0.00,1.000,1208.0,2416.0,search,SEARCH
2946.2,0.12,MCS13·MIMO·160MHz·3.2us,13,2,160,60.0,0.00,1.000,2053.6,2416.0,search,SEARCH
2946.3,9.93,MCS13·MIMO·160MHz·0.8us,13,2,160,60.0,0.00,1.000,2416.0,2416.0,dwell,STAY
2956.2,9.93,MCS13·MIMO·160MHz·0.8us,13,2,160,60.0,0.00,1.000,2416.0,2416.0,dwell,STAY
2966.1,9.93,MCS13·MIMO·160MHz·0.8us,13,2,160,60.0,0.00,1.000,2416.0,2416.0,dwell,STAY
2976.1,9.93,MCS13·MIMO·160MHz·0.8us,13,2,160,60.0,0.00,1.000,2416.0,2416.0,dwell,STAY
2986.0,9.93,MCS13·MIMO·160MHz·0.8us,13,2,160,60.0,0.00,1.000,2416.0,2416.0,dwell,STAY
2995.9,9.93,MCS13·MIMO·160MHz·0.8us,13,2,160,60.0,0.00,1.000,2416.0,2416.0,dwell,STAY
3005.9,9.93,MCS13·MIMO·160MHz·0.8us,13,2,160,60.0,0.00,1.000,2416.0,2416.0,dwell,STAY
3015.8,9.93,MCS13·MIMO·160MHz·0.8us,13,2,160,60.0,0.00,1.000,2416.0,2416.0,dwell,STAY
3025.7,9.93,MCS13·MIMO·160MHz·0.8us,13,2,160,60.0,0.00,1.000,2416.0,2416.0,dwell,STAY
3035.7,9.93,MCS13·MIMO·160MHz·0.8us,13,2,160,60.0,0.00,1.000,2416.0,2416.0,dwell,STAY
3045.6,9.93,MCS13·MIMO·160MHz·0.8us,13,2,160,60.0,0.00,1.000,2416.0,2416.0,dwell,STAY
3055.5,9.93,MCS13·MIMO·160MHz·0.8us,13,2,160,60.0,0.00,1.000,2416.0,2416.0,dwell,STAY
3065.5,9.93,MCS13·MIMO·160MHz·0.8us,13,2,160,60.0,0.00,1.000,2416.0,2416.0,dwell,STAY
3075.4,9.93,MCS13·MIMO·160MHz·0.8us,13,2,160,60.0,0.00,1.000,2416.0,2416.0,dwell,STAY
3085.3,9.93,MCS13·MIMO·160MHz·0.8us,13,2,160,60.0,0.00,1.000,2416.0,2416.0,dwell,STAY
3095.3,9.93,MCS13·MIMO·160MHz·0.8us,13,2,160,60.0,0.00,1.000,2416.0,2416.0,dwell,STAY
3105.2,9.93,MCS13·MIMO·160MHz·0.8us,13,2,160,60.0,0.00,1.000,2416.0,2416.0,dwell,STAY
3115.1,9.93,MCS13·MIMO·160MHz·0.8us,13,2,160,60.0,0.00,1.000,2416.0,2416.0,dwell,STAY
3125.1,9.93,MCS13·MIMO·160MHz·0.8us,13,2,160,60.0,0.00,1.000,2416.0,2416.0,dwell,STAY
3135.0,9.93,MCS13·MIMO·160MHz·0.8us,13,2,160,60.0,0.00,1.000,2416.0,2416.0,dwell,STAY
3145.0,9.93,MCS13·MIMO·160MHz·0.8us,13,2,160,60.0,0.00,1.000,2416.0,2416.0,dwell,STAY
3154.9,9.93,MCS13·MIMO·160MHz·0.8us,13,2,160,60.0,0.00,1.000,2416.0,2416.0,dwell,STAY
3164.8,9.93,MCS13·MIMO·160MHz·0.8us,13,2,160,60.0,0.00,1.000,2416.0,2416.0,dwell,STAY
3174.8,9.93,MCS13·MIMO·160MHz·0.8us,13,2,160,60.0,0.00,1.000,2416.0,2416.0,dwell,STAY
3184.7,9.93,MCS13·MIMO·160MHz·0.8us,13,2,160,60.0,0.00,1.000,2416.0,2416.0,dwell,STAY
3194.6,9.93,MCS13·MIMO·160MHz·0.8us,13,2,160,60.0,0.00,1.000,2416.0,2416.0,dwell,STAY
3204.6,9.93,MCS13·MIMO·160MHz·0.8us,13,2,160,60.0,0.00,1.000,2416.0,2416.0,dwell,STAY
3214.5,9.93,MCS13·MIMO·160MHz·0.8us,13,2,160,60.0,0.00,1.000,2416.0,2416.0,dwell,STAY
3224.4,9.93,MCS13·MIMO·160MHz·0.8us,13,2,160,60.0,0.00,1.000,2416.0,2416.0,dwell,STAY
3234.4,9.93,MCS13·MIMO·160MHz·0.8us,13,2,160,60.0,0.00,1.000,2416.0,2416.0,dwell,STAY
3244.3,9.93,MCS13·MIMO·160MHz·0.8us,13,2,160,60.0,0.00,1.000,2416.0,2416.0,dwell,STAY
3254.2,9.93,MCS13·MIMO·160MHz·0.8us,13,2,160,60.0,0.00,1.000,2416.0,2416.0,dwell,STAY
3264.2,0.20,MCS13·SISO·160MHz·0.8us,13,1,160,60.0,0.00,1.000,1208.0,2416.0,search,SEARCH
3264.4,0.20,MCS13·MIMO·80MHz·0.8us,13,2,80,60.0,0.00,1.000,1208.0,2416.0,search,SEARCH
3264.6,0.12,MCS13·MIMO·160MHz·3.2us,13,2,160,60.0,0.00,1.000,2053.6,2416.0,search,SEARCH
3264.7,9.93,MCS13·MIMO·160MHz·0.8us,13,2,160,60.0,0.00,1.000,2416.0,2416.0,dwell,STAY
3274.6,9.93,MCS13·MIMO·160MHz·0.8us,13,2,160,60.0,0.00,1.000,2416.0,2416.0,dwell,STAY
3284.5,9.93,MCS13·MIMO·160MHz·0.8us,13,2,160,60.0,0.00,1.000,2416.0,2416.0,dwell,STAY
3294.5,9.93,MCS13·MIMO·160MHz·0.8us,13,2,160,60.0,0.00,1.000,2416.0,2416.0,dwell,STAY
3304.4,9.93,MCS13·MIMO·160MHz·0.8us,13,2,160,60.0,0.00,1.000,2416.0,2416.0,dwell,STAY
3314.3,9.93,MCS13·MIMO·160MHz·0.8us,13,2,160,60.0,0.00,1.000,2416.0,2416.0,dwell,STAY
3324.3,9.93,MCS13·MIMO·160MHz·0.8us,13,2,160,60.0,0.00,1.000,2416.0,2416.0,dwell,STAY
3334.2,9.93,MCS13·MIMO·160MHz·0.8us,13,2,160,60.0,0.00,1.000,2416.0,2416.0,dwell,STAY
3344.1,9.93,MCS13·MIMO·160MHz·0.8us,13,2,160,60.0,0.00,1.000,2416.0,2416.0,dwell,STAY
3354.1,9.93,MCS13·MIMO·160MHz·0.8us,13,2,160,60.0,0.00,1.000,2416.0,2416.0,dwell,STAY
3364.0,9.93,MCS13·MIMO·160MHz·0.8us,13,2,160,60.0,0.00,1.000,2416.0,2416.0,dwell,STAY
3373.9,9.93,MCS13·MIMO·160MHz·0.8us,13,2,160,60.0,0.00,1.000,2416.0,2416.0,dwell,STAY
3383.9,9.93,MCS13·MIMO·160MHz·0.8us,13,2,160,60.0,0.00,1.000,2416.0,2416.0,dwell,STAY
3393.8,9.93,MCS13·MIMO·160MHz·0.8us,13,2,160,60.0,0.00,1.000,2416.0,2416.0,dwell,STAY
3403.7,9.93,MCS13·MIMO·160MHz·0.8us,13,2,160,60.0,0.00,1.000,2416.0,2416.0,dwell,STAY
3413.7,9.93,MCS13·MIMO·160MHz·0.8us,13,2,160,60.0,0.00,1.000,2416.0,2416.0,dwell,STAY
3423.6,9.93,MCS13·MIMO·160MHz·0.8us,13,2,160,60.0,0.00,1.000,2416.0,2416.0,dwell,STAY
3433.5,9.93,MCS13·MIMO·160MHz·0.8us,13,2,160,60.0,0.00,1.000,2416.0,2416.0,dwell,STAY
3443.5,9.93,MCS13·MIMO·160MHz·0.8us,13,2,160,60.0,0.00,1.000,2416.0,2416.0,dwell,STAY
3453.4,9.93,MCS13·MIMO·160MHz·0.8us,13,2,160,60.0,0.00,1.000,2416.0,2416.0,dwell,STAY
3463.3,9.93,MCS13·MIMO·160MHz·0.8us,13,2,160,60.0,0.00,1.000,2416.0,2416.0,dwell,STAY
3473.3,9.93,MCS13·MIMO·160MHz·0.8us,13,2,160,60.0,0.00,1.000,2416.0,2416.0,dwell,STAY
3483.2,9.93,MCS13·MIMO·160MHz·0.8us,13,2,160,60.0,0.00,1.000,2416.0,2416.0,dwell,STAY
3493.1,9.93,MCS13·MIMO·160MHz·0.8us,13,2,160,60.0,0.00,1.000,2416.0,2416.0,dwell,STAY
3503.1,9.93,MCS13·MIMO·160MHz·0.8us,13,2,160,60.0,0.00,1.000,2416.0,2416.0,dwell,STAY
3513.0,9.93,MCS13·MIMO·160MHz·0.8us,13,2,160,60.0,0.00,1.000,2416.0,2416.0,dwell,STAY
3522.9,9.93,MCS13·MIMO·160MHz·0.8us,13,2,160,60.0,0.00,1.000,2416.0,2416.0,dwell,STAY
3532.9,9.93,MCS13·MIMO·160MHz·0.8us,13,2,160,60.0,0.00,1.000,2416.0,2416.0,dwell,STAY
3542.8,9.93,MCS13·MIMO·160MHz·0.8us,13,2,160,60.0,0.00,1.000,2416.0,2416.0,dwell,STAY
3552.8,9.93,MCS13·MIMO·160MHz·0.8us,13,2,160,60.0,0.00,1.000,2416.0,2416.0,dwell,STAY
3562.7,9.93,MCS13·MIMO·160MHz·0.8us,13,2,160,60.0,0.00,1.000,2416.0,2416.0,dwell,STAY
3572.6,9.93,MCS13·MIMO·160MHz·0.8us,13,2,160,60.0,0.00,1.000,2416.0,2416.0,dwell,STAY
3582.6,0.20,MCS13·SISO·160MHz·0.8us,13,1,160,60.0,0.00,1.000,1208.0,2416.0,search,SEARCH
3582.8,0.20,MCS13·MIMO·80MHz·0.8us,13,2,80,60.0,0.00,1.000,1208.0,2416.0,search,SEARCH
3582.9,0.12,MCS13·MIMO·160MHz·3.2us,13,2,160,60.0,0.00,1.000,2053.6,2416.0,search,SEARCH
3583.1,9.93,MCS13·MIMO·160MHz·0.8us,13,2,160,60.0,0.00,1.000,2416.0,2416.0,dwell,STAY
3593.0,9.93,MCS13·MIMO·160MHz·0.8us,13,2,160,60.0,0.00,1.000,2416.0,2416.0,dwell,STAY
3602.9,9.93,MCS13·MIMO·160MHz·0.8us,13,2,160,60.0,0.00,1.000,2416.0,2416.0,dwell,STAY
3612.9,9.93,MCS13·MIMO·160MHz·0.8us,13,2,160,60.0,0.00,1.000,2416.0,2416.0,dwell,STAY
3622.8,9.93,MCS13·MIMO·160MHz·0.8us,13,2,160,60.0,0.00,1.000,2416.0,2416.0,dwell,STAY
3632.7,9.93,MCS13·MIMO·160MHz·0.8us,13,2,160,60.0,0.00,1.000,2416.0,2416.0,dwell,STAY
3642.7,9.93,MCS13·MIMO·160MHz·0.8us,13,2,160,60.0,0.00,1.000,2416.0,2416.0,dwell,STAY
3652.6,9.93,MCS13·MIMO·160MHz·0.8us,13,2,160,60.0,0.00,1.000,2416.0,2416.0,dwell,STAY
3662.5,9.93,MCS13·MIMO·160MHz·0.8us,13,2,160,60.0,0.00,1.000,2416.0,2416.0,dwell,STAY
3672.5,9.93,MCS13·MIMO·160MHz·0.8us,13,2,160,60.0,0.00,1.000,2416.0,2416.0,dwell,STAY
3682.4,9.93,MCS13·MIMO·160MHz·0.8us,13,2,160,60.0,0.00,1.000,2416.0,2416.0,dwell,STAY
3692.3,9.93,MCS13·MIMO·160MHz·0.8us,13,2,160,60.0,0.00,1.000,2416.0,2416.0,dwell,STAY
3702.3,9.93,MCS13·MIMO·160MHz·0.8us,13,2,160,60.0,0.00,1.000,2416.0,2416.0,dwell,STAY
3712.2,9.93,MCS13·MIMO·160MHz·0.8us,13,2,160,60.0,0.00,1.000,2416.0,2416.0,dwell,STAY
3722.1,9.93,MCS13·MIMO·160MHz·0.8us,13,2,160,60.0,0.00,1.000,2416.0,2416.0,dwell,STAY
3732.1,9.93,MCS13·MIMO·160MHz·0.8us,13,2,160,60.0,0.00,1.000,2416.0,2416.0,dwell,STAY
3742.0,9.93,MCS13·MIMO·160MHz·0.8us,13,2,160,60.0,0.00,1.000,2416.0,2416.0,dwell,STAY
3751.9,9.93,MCS13·MIMO·160MHz·0.8us,13,2,160,60.0,0.00,1.000,2416.0,2416.0,dwell,STAY
3761.9,9.93,MCS13·MIMO·160MHz·0.8us,13,2,160,60.0,0.00,1.000,2416.0,2416.0,dwell,STAY
3771.8,9.93,MCS13·MIMO·160MHz·0.8us,13,2,160,60.0,0.00,1.000,2416.0,2416.0,dwell,STAY
3781.7,9.93,MCS13·MIMO·160MHz·0.8us,13,2,160,60.0,0.00,1.000,2416.0,2416.0,dwell,STAY
3791.7,9.93,MCS13·MIMO·160MHz·0.8us,13,2,160,60.0,0.00,1.000,2416.0,2416.0,dwell,STAY
3801.6,9.93,MCS13·MIMO·160MHz·0.8us,13,2,160,60.0,0.00,1.000,2416.0,2416.0,dwell,STAY
3811.5,9.93,MCS13·MIMO·160MHz·0.8us,13,2,160,60.0,0.00,1.000,2416.0,2416.0,dwell,STAY
3821.5,9.93,MCS13·MIMO·160MHz·0.8us,13,2,160,60.0,0.00,1.000,2416.0,2416.0,dwell,STAY
3831.4,9.93,MCS13·MIMO·160MHz·0.8us,13,2,160,60.0,0.00,1.000,2416.0,2416.0,dwell,STAY
3841.3,9.93,MCS13·MIMO·160MHz·0.8us,13,2,160,60.0,0.00,1.000,2416.0,2416.0,dwell,STAY
3851.3,9.93,MCS13·MIMO·160MHz·0.8us,13,2,160,60.0,0.00,1.000,2416.0,2416.0,dwell,STAY
3861.2,9.93,MCS13·MIMO·160MHz·0.8us,13,2,160,60.0,0.00,1.000,2416.0,2416.0,dwell,STAY
3871.1,9.93,MCS13·MIMO·160MHz·0.8us,13,2,160,60.0,0.00,1.000,2416.0,2416.0,dwell,STAY
3881.1,9.93,MCS13·MIMO·160MHz·0.8us,13,2,160,60.0,0.00,1.000,2416.0,2416.0,dwell,STAY
3891.0,9.93,MCS13·MIMO·160MHz·0.8us,13,2,160,60.0,0.00,1.000,2416.0,2416.0,dwell,STAY
3900.9,0.20,MCS13·SISO·160MHz·0.8us,13,1,160,60.0,0.00,1.000,1208.0,2416.0,search,SEARCH
3901.1,0.20,MCS13·MIMO·80MHz·0.8us,13,2,80,60.0,0.00,1.000,1208.0,2416.0,search,SEARCH
3901.3,0.12,MCS13·MIMO·160MHz·3.2us,13,2,160,60.0,0.00,1.000,2053.6,2416.0,search,SEARCH
3901.5,9.93,MCS13·MIMO·160MHz·0.8us,13,2,160,60.0,0.00,1.000,2416.0,2416.0,dwell,STAY
3911.4,9.93,MCS13·MIMO·160MHz·0.8us,13,2,160,60.0,0.00,1.000,2416.0,2416.0,dwell,STAY
3921.3,9.93,MCS13·MIMO·160MHz·0.8us,13,2,160,60.0,0.00,1.000,2416.0,2416.0,dwell,STAY
3931.3,9.93,MCS13·MIMO·160MHz·0.8us,13,2,160,60.0,0.00,1.000,2416.0,2416.0,dwell,STAY
3941.2,9.93,MCS13·MIMO·160MHz·0.8us,13,2,160,60.0,0.00,1.000,2416.0,2416.0,dwell,STAY
3951.1,9.93,MCS13·MIMO·160MHz·0.8us,13,2,160,60.0,0.00,1.000,2416.0,2416.0,dwell,STAY
3961.1,9.93,MCS13·MIMO·160MHz·0.8us,13,2,160,60.0,0.00,1.000,2416.0,2416.0,dwell,STAY
3971.0,9.93,MCS13·MIMO·160MHz·0.8us,13,2,160,60.0,0.00,1.000,2416.0,2416.0,dwell,STAY
3980.9,9.93,MCS13·MIMO·160MHz·0.8us,13,2,160,60.0,0.00,1.000,2416.0,2416.0,dwell,STAY
3990.9,9.93,MCS13·MIMO·160MHz·0.8us,13,2,160,60.0,0.00,1.000,2416.0,2416.0,dwell,STAY
4000.8,9.93,MCS13·MIMO·160MHz·0.8us,13,2,160,60.0,0.00,1.000,2416.0,2416.0,dwell,STAY
4010.7,9.93,MCS13·MIMO·160MHz·0.8us,13,2,160,60.0,0.00,1.000,2416.0,2416.0,dwell,STAY
4020.7,9.93,MCS13·MIMO·160MHz·0.8us,13,2,160,60.0,0.00,1.000,2416.0,2416.0,dwell,STAY
4030.6,9.93,MCS13·MIMO·160MHz·0.8us,13,2,160,60.0,0.00,1.000,2416.0,2416.0,dwell,STAY
4040.5,9.93,MCS13·MIMO·160MHz·0.8us,13,2,160,60.0,0.00,1.000,2416.0,2416.0,dwell,STAY
4050.5,9.93,MCS13·MIMO·160MHz·0.8us,13,2,160,60.0,0.00,1.000,2416.0,2416.0,dwell,STAY
4060.4,9.93,MCS13·MIMO·160MHz·0.8us,13,2,160,60.0,0.00,1.000,2416.0,2416.0,dwell,STAY
4070.3,9.93,MCS13·MIMO·160MHz·0.8us,13,2,160,60.0,0.00,1.000,2416.0,2416.0,dwell,STAY
4080.3,9.93,MCS13·MIMO·160MHz·0.8us,13,2,160,60.0,0.00,1.000,2416.0,2416.0,dwell,STAY
4090.2,9.93,MCS13·MIMO·160MHz·0.8us,13,2,160,60.0,0.00,1.000,2416.0,2416.0,dwell,STAY
4100.1,9.93,MCS13·MIMO·160MHz·0.8us,13,2,160,60.0,0.00,1.000,2416.0,2416.0,dwell,STAY
4110.1,9.93,MCS13·MIMO·160MHz·0.8us,13,2,160,60.0,0.00,1.000,2416.0,2416.0,dwell,STAY
4120.0,9.93,MCS13·MIMO·160MHz·0.8us,13,2,160,60.0,0.00,1.000,2416.0,2416.0,dwell,STAY
4129.9,9.93,MCS13·MIMO·160MHz·0.8us,13,2,160,60.0,0.00,1.000,2416.0,2416.0,dwell,STAY
4139.9,9.93,MCS13·MIMO·160MHz·0.8us,13,2,160,60.0,0.00,1.000,2416.0,2416.0,dwell,STAY
4149.8,9.93,MCS13·MIMO·160MHz·0.8us,13,2,160,60.0,0.00,1.000,2416.0,2416.0,dwell,STAY
4159.7,9.93,MCS13·MIMO·160MHz·0.8us,13,2,160,60.0,0.00,1.000,2416.0,2416.0,dwell,STAY
4169.7,9.93,MCS13·MIMO·160MHz·0.8us,13,2,160,60.0,0.00,1.000,2416.0,2416.0,dwell,STAY
4179.6,9.93,MCS13·MIMO·160MHz·0.8us,13,2,160,60.0,0.00,1.000,2416.0,2416.0,dwell,STAY
4189.5,9.93,MCS13·MIMO·160MHz·0.8us,13,2,160,60.0,0.00,1.000,2416.0,2416.0,dwell,STAY
4199.5,9.93,MCS13·MIMO·160MHz·0.8us,13,2,160,60.0,0.00,1.000,2416.0,2416.0,dwell,STAY
4209.4,9.93,MCS13·MIMO·160MHz·0.8us,13,2,160,60.0,0.00,1.000,2416.0,2416.0,dwell,STAY
4219.3,0.20,MCS13·SISO·160MHz·0.8us,13,1,160,60.0,0.00,1.000,1208.0,2416.0,search,SEARCH
4219.5,0.20,MCS13·MIMO·80MHz·0.8us,13,2,80,60.0,0.00,1.000,1208.0,2416.0,search,SEARCH
4219.7,0.12,MCS13·MIMO·160MHz·3.2us,13,2,160,60.0,0.00,1.000,2053.6,2416.0,search,SEARCH
4219.9,9.93,MCS13·MIMO·160MHz·0.8us,13,2,160,60.0,0.00,1.000,2416.0,2416.0,dwell,STAY
4229.8,9.93,MCS13·MIMO·160MHz·0.8us,13,2,160,60.0,0.00,1.000,2416.0,2416.0,dwell,STAY
4239.7,9.93,MCS13·MIMO·160MHz·0.8us,13,2,160,60.0,0.00,1.000,2416.0,2416.0,dwell,STAY
4249.7,9.93,MCS13·MIMO·160MHz·0.8us,13,2,160,60.0,0.00,1.000,2416.0,2416.0,dwell,STAY
4259.6,9.93,MCS13·MIMO·160MHz·0.8us,13,2,160,60.0,0.00,1.000,2416.0,2416.0,dwell,STAY
4269.5,9.93,MCS13·MIMO·160MHz·0.8us,13,2,160,60.0,0.00,1.000,2416.0,2416.0,dwell,STAY
4279.5,9.93,MCS13·MIMO·160MHz·0.8us,13,2,160,60.0,0.00,1.000,2416.0,2416.0,dwell,STAY
4289.4,9.93,MCS13·MIMO·160MHz·0.8us,13,2,160,60.0,0.00,1.000,2416.0,2416.0,dwell,STAY
4299.3,9.93,MCS13·MIMO·160MHz·0.8us,13,2,160,60.0,0.00,1.000,2416.0,2416.0,dwell,STAY
4309.3,9.93,MCS13·MIMO·160MHz·0.8us,13,2,160,60.0,0.00,1.000,2416.0,2416.0,dwell,STAY
4319.2,9.93,MCS13·MIMO·160MHz·0.8us,13,2,160,60.0,0.00,1.000,2416.0,2416.0,dwell,STAY
4329.1,9.93,MCS13·MIMO·160MHz·0.8us,13,2,160,60.0,0.00,1.000,2416.0,2416.0,dwell,STAY
4339.1,9.93,MCS13·MIMO·160MHz·0.8us,13,2,160,60.0,0.00,1.000,2416.0,2416.0,dwell,STAY
4349.0,9.93,MCS13·MIMO·160MHz·0.8us,13,2,160,60.0,0.00,1.000,2416.0,2416.0,dwell,STAY
4358.9,9.93,MCS13·MIMO·160MHz·0.8us,13,2,160,60.0,0.00,1.000,2416.0,2416.0,dwell,STAY
4368.9,9.93,MCS13·MIMO·160MHz·0.8us,13,2,160,60.0,0.00,1.000,2416.0,2416.0,dwell,STAY
4378.8,9.93,MCS13·MIMO·160MHz·0.8us,13,2,160,60.0,0.00,1.000,2416.0,2416.0,dwell,STAY
4388.7,9.93,MCS13·MIMO·160MHz·0.8us,13,2,160,60.0,0.00,1.000,2416.0,2416.0,dwell,STAY
4398.7,9.93,MCS13·MIMO·160MHz·0.8us,13,2,160,60.0,0.00,1.000,2416.0,2416.0,dwell,STAY
4408.6,9.93,MCS13·MIMO·160MHz·0.8us,13,2,160,59.8,0.00,1.000,2416.0,2416.0,dwell,STAY
4418.5,9.93,MCS13·MIMO·160MHz·0.8us,13,2,160,59.5,0.00,1.000,2416.0,2416.0,dwell,STAY
4428.5,9.93,MCS13·MIMO·160MHz·0.8us,13,2,160,59.3,0.00,1.000,2416.0,2416.0,dwell,STAY
4438.4,9.93,MCS13·MIMO·160MHz·0.8us,13,2,160,59.0,0.00,1.000,2416.0,2416.0,dwell,STAY
4448.3,9.93,MCS13·MIMO·160MHz·0.8us,13,2,160,58.8,0.00,1.000,2416.0,2416.0,dwell,STAY
4458.3,9.93,MCS13·MIMO·160MHz·0.8us,13,2,160,58.5,0.00,1.000,2416.0,2416.0,dwell,STAY
4468.2,9.93,MCS13·MIMO·160MHz·0.8us,13,2,160,58.3,0.00,1.000,2416.0,2416.0,dwell,STAY
4478.1,9.93,MCS13·MIMO·160MHz·0.8us,13,2,160,58.0,0.00,1.000,2416.0,2416.0,dwell,STAY
4488.1,9.93,MCS13·MIMO·160MHz·0.8us,13,2,160,57.8,0.00,1.000,2416.0,2416.0,dwell,STAY
4498.0,9.93,MCS13·MIMO·160MHz·0.8us,13,2,160,57.5,0.00,1.000,2416.0,2416.0,dwell,STAY
4507.9,9.93,MCS13·MIMO·160MHz·0.8us,13,2,160,57.3,0.00,1.000,2416.0,2416.0,dwell,STAY
4517.9,9.93,MCS13·MIMO·160MHz·0.8us,13,2,160,57.1,0.00,1.000,2416.0,2416.0,dwell,STAY
4527.8,9.93,MCS13·MIMO·160MHz·0.8us,13,2,160,56.8,0.00,1.000,2416.0,2416.0,dwell,STAY
4537.7,0.20,MCS13·SISO·160MHz·0.8us,13,1,160,56.6,0.00,1.000,1208.0,2416.0,search,SEARCH
4537.9,0.20,MCS13·MIMO·80MHz·0.8us,13,2,80,56.6,0.00,1.000,1208.0,2416.0,search,SEARCH
4538.1,0.12,MCS13·MIMO·160MHz·3.2us,13,2,160,56.5,0.00,1.000,2053.6,2416.0,search,SEARCH
4538.3,9.93,MCS13·MIMO·160MHz·0.8us,13,2,160,56.5,0.00,1.000,2416.0,2416.0,dwell,STAY
4548.2,9.93,MCS13·MIMO·160MHz·0.8us,13,2,160,56.3,0.00,1.000,2416.0,2416.0,dwell,STAY
4558.1,9.93,MCS13·MIMO·160MHz·0.8us,13,2,160,56.0,0.00,1.000,2416.0,2416.0,dwell,STAY
4568.1,9.93,MCS13·MIMO·160MHz·0.8us,13,2,160,55.8,0.00,1.000,2416.0,2416.0,dwell,STAY
4578.0,9.93,MCS13·MIMO·160MHz·0.8us,13,2,160,55.6,0.00,1.000,2416.0,2416.0,dwell,STAY
4587.9,9.93,MCS13·MIMO·160MHz·0.8us,13,2,160,55.3,0.00,1.000,2416.0,2416.0,dwell,STAY
4597.9,9.93,MCS13·MIMO·160MHz·0.8us,13,2,160,55.1,0.00,1.000,2416.0,2416.0,dwell,STAY
4607.8,9.93,MCS13·MIMO·160MHz·0.8us,13,2,160,54.8,0.00,1.000,2416.0,2416.0,dwell,STAY
4617.7,9.93,MCS13·MIMO·160MHz·0.8us,13,2,160,54.6,0.00,1.000,2416.0,2416.0,dwell,STAY
4627.7,9.93,MCS13·MIMO·160MHz·0.8us,13,2,160,54.3,0.00,1.000,2416.0,2416.0,dwell,STAY
4637.6,9.93,MCS13·MIMO·160MHz·0.8us,13,2,160,54.1,0.00,1.000,2416.0,2416.0,dwell,STAY
4647.5,9.93,MCS13·MIMO·160MHz·0.8us,13,2,160,53.8,0.00,1.000,2416.0,2416.0,dwell,STAY
4657.5,9.93,MCS13·MIMO·160MHz·0.8us,13,2,160,53.6,0.00,1.000,2416.0,2416.0,dwell,STAY
4667.4,9.93,MCS13·MIMO·160MHz·0.8us,13,2,160,53.3,0.00,1.000,2416.0,2416.0,dwell,STAY
4677.3,9.93,MCS13·MIMO·160MHz·0.8us,13,2,160,53.1,0.00,1.000,2416.0,2416.0,dwell,STAY
4687.3,9.93,MCS13·MIMO·160MHz·0.8us,13,2,160,52.8,0.00,1.000,2416.0,2416.0,dwell,STAY
4697.2,9.93,MCS13·MIMO·160MHz·0.8us,13,2,160,52.6,0.00,1.000,2416.0,2416.0,dwell,STAY
4707.1,9.93,MCS13·MIMO·160MHz·0.8us,13,2,160,52.3,0.00,1.000,2416.0,2416.0,dwell,STAY
4717.1,9.93,MCS13·MIMO·160MHz·0.8us,13,2,160,52.1,0.00,1.000,2416.0,2416.0,dwell,STAY
4727.0,9.93,MCS13·MIMO·160MHz·0.8us,13,2,160,51.8,0.00,1.000,2416.0,2416.0,dwell,STAY
4736.9,9.93,MCS13·MIMO·160MHz·0.8us,13,2,160,51.6,0.00,1.000,2416.0,2416.0,dwell,STAY
4746.9,9.93,MCS13·MIMO·160MHz·0.8us,13,2,160,51.3,0.00,1.000,2416.0,2416.0,dwell,STAY
4756.8,9.93,MCS13·MIMO·160MHz·0.8us,13,2,160,51.1,0.00,1.000,2416.0,2416.0,dwell,STAY
4766.7,9.93,MCS13·MIMO·160MHz·0.8us,13,2,160,50.8,0.00,1.000,2416.0,2416.0,dwell,STAY
4776.7,9.93,MCS13·MIMO·160MHz·0.8us,13,2,160,50.6,0.00,1.000,2416.0,2416.0,dwell,STAY
4786.6,9.93,MCS13·MIMO·160MHz·0.8us,13,2,160,50.3,0.00,1.000,2416.0,2416.0,dwell,STAY
4796.5,9.93,MCS13·MIMO·160MHz·0.8us,13,2,160,50.1,0.00,1.000,2416.0,2416.0,dwell,STAY
4806.5,9.93,MCS13·MIMO·160MHz·0.8us,13,2,160,49.8,0.00,1.000,2416.0,2416.0,dwell,STAY
4816.4,9.93,MCS13·MIMO·160MHz·0.8us,13,2,160,49.6,0.00,1.000,2416.0,2416.0,dwell,STAY
4826.3,9.93,MCS13·MIMO·160MHz·0.8us,13,2,160,49.3,0.00,1.000,2416.0,2416.0,dwell,STAY
4836.3,9.93,MCS13·MIMO·160MHz·0.8us,13,2,160,49.1,0.00,1.000,2416.0,2416.0,dwell,STAY
4846.2,9.93,MCS13·MIMO·160MHz·0.8us,13,2,160,48.8,0.00,1.000,2416.0,2416.0,dwell,STAY
4856.1,0.20,MCS13·SISO·160MHz·0.8us,13,1,160,48.6,0.00,1.000,1208.0,2416.0,search,SEARCH
4856.3,0.20,MCS13·MIMO·80MHz·0.8us,13,2,80,48.6,0.00,1.000,1208.0,2416.0,search,SEARCH
4856.5,0.12,MCS13·MIMO·160MHz·3.2us,13,2,160,48.6,0.00,1.000,2053.6,2416.0,search,SEARCH
4856.6,9.93,MCS13·MIMO·160MHz·0.8us,13,2,160,48.6,0.00,1.000,2416.0,2416.0,dwell,STAY
4866.6,9.93,MCS13·MIMO·160MHz·0.8us,13,2,160,48.3,0.00,1.000,2416.0,2416.0,dwell,STAY
4876.5,9.93,MCS13·MIMO·160MHz·0.8us,13,2,160,48.1,0.00,1.000,2416.0,2416.0,dwell,STAY
4886.4,9.93,MCS13·MIMO·160MHz·0.8us,13,2,160,47.8,0.00,1.000,2416.0,2416.0,dwell,STAY
4896.4,9.93,MCS13·MIMO·160MHz·0.8us,13,2,160,47.6,0.00,1.000,2416.0,2416.0,dwell,STAY
4906.3,9.93,MCS13·MIMO·160MHz·0.8us,13,2,160,47.3,0.00,1.000,2416.0,2416.0,dwell,STAY
4916.2,9.93,MCS13·MIMO·160MHz·0.8us,13,2,160,47.1,0.00,1.000,2416.0,2416.0,dwell,STAY
4926.2,9.93,MCS13·MIMO·160MHz·0.8us,13,2,160,46.8,0.00,1.000,2416.0,2416.0,dwell,STAY
4936.1,9.93,MCS13·MIMO·160MHz·0.8us,13,2,160,46.6,0.00,1.000,2416.0,2416.0,dwell,STAY
4946.0,9.93,MCS13·MIMO·160MHz·0.8us,13,2,160,46.3,0.00,1.000,2416.0,2416.0,dwell,STAY
4956.0,9.93,MCS13·MIMO·160MHz·0.8us,13,2,160,46.1,0.00,1.000,2416.0,2416.0,dwell,STAY
4965.9,9.93,MCS13·MIMO·160MHz·0.8us,13,2,160,45.9,0.00,1.000,2416.0,2416.0,dwell,STAY
4975.9,9.93,MCS13·MIMO·160MHz·0.8us,13,2,160,45.6,0.00,1.000,2416.0,2416.0,dwell,STAY
4985.8,9.93,MCS13·MIMO·160MHz·0.8us,13,2,160,45.4,0.00,1.000,2416.0,2416.0,dwell,STAY
4995.7,9.93,MCS13·MIMO·160MHz·0.8us,13,2,160,45.1,0.00,1.000,2416.0,2416.0,dwell,STAY
5005.7,9.93,MCS13·MIMO·160MHz·0.8us,13,2,160,44.9,0.00,1.000,2416.0,2416.0,dwell,STAY
5015.6,9.93,MCS13·MIMO·160MHz·0.8us,13,2,160,44.6,0.00,1.000,2416.0,2416.0,dwell,STAY
5025.5,9.93,MCS13·MIMO·160MHz·0.8us,13,2,160,44.4,0.00,1.000,2416.0,2416.0,dwell,STAY
5035.5,9.93,MCS13·MIMO·160MHz·0.8us,13,2,160,44.1,0.00,1.000,2416.0,2416.0,dwell,STAY
5045.4,9.93,MCS13·MIMO·160MHz·0.8us,13,2,160,43.9,0.00,1.000,2416.0,2416.0,dwell,STAY
5055.3,9.93,MCS13·MIMO·160MHz·0.8us,13,2,160,43.6,0.00,1.000,2416.0,2416.0,dwell,STAY
5065.3,9.93,MCS13·MIMO·160MHz·0.8us,13,2,160,43.4,0.00,1.000,2416.0,2416.0,dwell,STAY
5075.2,9.93,MCS13·MIMO·160MHz·0.8us,13,2,160,43.1,0.00,1.000,2416.0,2416.0,dwell,STAY
5085.1,9.93,MCS13·MIMO·160MHz·0.8us,13,2,160,42.9,0.00,1.000,2416.0,2416.0,dwell,STAY
5095.1,9.93,MCS13·MIMO·160MHz·0.8us,13,2,160,42.6,0.00,1.000,2416.0,2416.0,dwell,STAY
5105.0,9.93,MCS13·MIMO·160MHz·0.8us,13,2,160,42.4,0.00,1.000,2416.0,2416.0,dwell,STAY
5114.9,9.93,MCS13·MIMO·160MHz·0.8us,13,2,160,42.1,0.00,1.000,2416.0,2416.0,dwell,STAY
5124.9,9.93,MCS13·MIMO·160MHz·0.8us,13,2,160,41.9,0.00,1.000,2416.0,2416.0,dwell,STAY
5134.8,9.93,MCS13·MIMO·160MHz·0.8us,13,2,160,41.6,0.00,1.000,2416.0,2416.0,dwell,STAY
5144.7,9.93,MCS13·MIMO·160MHz·0.8us,13,2,160,41.4,0.00,1.000,2416.0,2416.0,dwell,STAY
5154.7,9.93,MCS13·MIMO·160MHz·0.8us,13,2,160,41.1,0.00,1.000,2416.0,2416.0,dwell,STAY
5164.6,9.93,MCS13·MIMO·160MHz·0.8us,13,2,160,40.9,0.00,1.000,2416.0,2416.0,dwell,STAY
5174.5,0.20,MCS13·SISO·160MHz·0.8us,13,1,160,40.6,0.00,1.000,1208.0,2416.0,search,SEARCH
5174.7,0.20,MCS13·MIMO·80MHz·0.8us,13,2,80,40.6,0.00,1.000,1208.0,2416.0,search,SEARCH
5174.9,0.12,MCS13·MIMO·160MHz·3.2us,13,2,160,40.6,0.00,1.000,2053.6,2416.0,search,SEARCH
5175.0,9.93,MCS13·MIMO·160MHz·0.8us,13,2,160,40.6,0.00,1.000,2416.0,2416.0,dwell,STAY
5185.0,9.93,MCS13·MIMO·160MHz·0.8us,13,2,160,40.4,0.00,1.000,2416.0,2416.0,dwell,STAY
5194.9,9.93,MCS13·MIMO·160MHz·0.8us,13,2,160,40.1,0.00,1.000,2416.0,2416.0,dwell,STAY
5204.8,9.93,MCS13·MIMO·160MHz·0.8us,13,2,160,39.9,0.00,1.000,2416.0,2416.0,dwell,STAY
5214.8,9.93,MCS13·MIMO·160MHz·0.8us,13,2,160,39.6,0.00,1.000,2416.0,2416.0,dwell,STAY
5224.7,9.93,MCS13·MIMO·160MHz·0.8us,13,2,160,39.4,0.00,1.000,2416.0,2416.0,dwell,STAY
5234.6,9.93,MCS13·MIMO·160MHz·0.8us,13,2,160,39.1,0.00,1.000,2416.0,2416.0,dwell,STAY
5244.6,9.93,MCS13·MIMO·160MHz·0.8us,13,2,160,38.9,0.00,1.000,2416.0,2416.0,dwell,STAY
5254.5,9.93,MCS13·MIMO·160MHz·0.8us,13,2,160,38.6,0.00,1.000,2416.0,2416.0,dwell,STAY
5264.4,9.93,MCS13·MIMO·160MHz·0.8us,13,2,160,38.4,0.00,1.000,2416.0,2416.0,dwell,STAY
5274.4,9.93,MCS13·MIMO·160MHz·0.8us,13,2,160,38.1,0.00,1.000,2416.0,2416.0,dwell,STAY
5284.3,9.93,MCS13·MIMO·160MHz·0.8us,13,2,160,37.9,0.00,1.000,2416.0,2416.0,dwell,STAY
5294.2,9.93,MCS13·MIMO·160MHz·0.8us,13,2,160,37.6,0.00,1.000,2416.0,2416.0,dwell,STAY
5304.2,9.93,MCS13·MIMO·160MHz·0.8us,13,2,160,37.4,0.00,0.999,2413.6,2414.0,dwell,STAY
5314.1,9.93,MCS13·MIMO·160MHz·0.8us,13,2,160,37.1,0.00,0.997,2408.8,2409.2,dwell,STAY
5324.0,9.93,MCS13·MIMO·160MHz·0.8us,13,2,160,36.9,0.00,0.997,2408.8,2408.3,dwell,STAY
5334.0,9.93,MCS13·MIMO·160MHz·0.8us,13,2,160,36.7,0.00,0.999,2413.6,2413.1,dwell,STAY
5343.9,9.93,MCS13·MIMO·160MHz·0.8us,13,2,160,36.4,0.00,0.999,2413.6,2413.6,dwell,STAY
5353.8,9.93,MCS13·MIMO·160MHz·0.8us,13,2,160,36.2,0.00,0.997,2407.5,2407.6,dwell,STAY
5363.8,9.93,MCS13·MIMO·160MHz·0.8us,13,2,160,35.9,0.00,0.991,2394.3,2394.8,dwell,STAY
5373.7,9.93,MCS13·MIMO·160MHz·0.8us,13,2,160,35.7,0.00,0.982,2371.3,2370.8,dwell,STAY
5383.6,9.93,MCS13·MIMO·160MHz·0.8us,13,2,160,35.4,0.00,0.874,2110.4,2188.0,dwell,STAY
5393.6,9.93,MCS13·MIMO·160MHz·0.8us,13,2,160,35.2,0.00,0.598,1444.8,2188.0,dwell,STAY
5403.5,0.22,MCS12·SISO·160MHz·0.8us,12,1,160,34.9,0.00,1.000,1094.0,2188.0,search,SEARCH
5403.7,0.22,MCS12·MIMO·80MHz·0.8us,12,2,80,34.9,0.00,1.000,1094.0,2188.0,search,SEARCH
5404.0,0.13,MCS12·MIMO·160MHz·3.2us,12,2,160,34.9,0.00,1.000,1859.8,2188.0,search,SEARCH
5404.1,12.90,MCS12·MIMO·160MHz·3.2us,12,2,160,34.9,0.00,1.000,1859.8,2188.0,dwell,STAY
5417.0,0.12,MCS13·MIMO·160MHz·3.2us,13,2,160,34.6,0.00,0.650,1334.8,2188.0,search,STAY
5417.1,0.13,MCS12·MIMO·160MHz·3.2us,12,2,160,34.6,0.00,1.000,1859.8,2188.0,search,STAY
5417.2,0.12,MCS13·MIMO·160MHz·3.2us,13,2,160,34.6,0.00,0.650,1334.8,2188.0,search,STAY
5417.4,0.13,MCS12·MIMO·160MHz·3.2us,12,2,160,34.6,0.00,1.000,1859.8,2188.0,search,STAY
5417.5,0.12,MCS13·MIMO·160MHz·3.2us,13,2,160,34.6,0.00,0.650,1334.8,2188.0,search,STAY
5417.6,0.13,MCS12·MIMO·160MHz·3.2us,12,2,160,34.6,0.00,1.000,1859.8,2188.0,search,STAY
5417.7,0.12,MCS13·MIMO·160MHz·3.2us,13,2,160,34.6,0.00,0.650,1334.8,2188.0,search,STAY
5417.8,0.13,MCS12·MIMO·160MHz·3.2us,12,2,160,34.6,0.00,1.000,1859.8,2188.0,search,STAY
5418.0,0.12,MCS13·MIMO·160MHz·3.2us,13,2,160,34.6,0.00,0.650,1334.8,2188.0,search,STAY
5418.1,0.13,MCS12·MIMO·160MHz·3.2us,12,2,160,34.5,0.00,1.000,1859.8,2188.0,search,STAY
5418.2,0.12,MCS13·MIMO·160MHz·3.2us,13,2,160,34.5,0.00,0.650,1334.8,2188.0,search,STAY
5418.3,0.13,MCS12·MIMO·160MHz·3.2us,12,2,160,34.5,0.00,1.000,1859.8,2188.0,search,STAY
5418.5,0.12,MCS13·MIMO·160MHz·3.2us,13,2,160,34.5,0.00,0.650,1334.8,2188.0,search,STAY
5418.6,0.13,MCS12·MIMO·160MHz·3.2us,12,2,160,34.5,0.00,1.000,1859.8,2188.0,search,STAY
5418.7,0.12,MCS13·MIMO·160MHz·3.2us,13,2,160,34.5,0.00,0.650,1334.8,2188.0,search,STAY
5418.8,0.13,MCS12·MIMO·160MHz·3.2us,12,2,160,34.5,0.00,1.000,1859.8,2188.0,search,STAY
5419.0,0.12,MCS13·MIMO·160MHz·3.2us,13,2,160,34.5,0.00,0.650,1334.8,2188.0,search,STAY
5419.1,0.13,MCS12·MIMO·160MHz·3.2us,12,2,160,34.5,0.00,1.000,1859.8,2188.0,search,STAY
5419.2,0.12,MCS13·MIMO·160MHz·3.2us,13,2,160,34.5,0.00,0.650,1334.8,2188.0,search,STAY
5419.3,0.13,MCS12·MIMO·160MHz·3.2us,12,2,160,34.5,0.00,1.000,1859.8,2188.0,search,STAY
5419.4,0.12,MCS13·MIMO·160MHz·3.2us,13,2,160,34.5,0.00,0.650,1334.8,2188.0,search,STAY
5419.6,0.13,MCS12·MIMO·160MHz·3.2us,12,2,160,34.5,0.00,1.000,1859.8,2188.0,search,STAY
5419.7,0.12,MCS13·MIMO·160MHz·3.2us,13,2,160,34.5,0.00,0.600,1232.2,2188.0,search,STAY
5419.8,0.13,MCS12·MIMO·160MHz·3.2us,12,2,160,34.5,0.00,1.000,1859.8,2188.0,search,STAY
5419.9,0.12,MCS13·MIMO·160MHz·3.2us,13,2,160,34.5,0.00,0.600,1232.2,2188.0,search,STAY
5420.1,0.13,MCS12·MIMO·160MHz·3.2us,12,2,160,34.5,0.00,1.000,1859.8,2188.0,search,STAY
5420.2,0.12,MCS13·MIMO·160MHz·3.2us,13,2,160,34.5,0.00,0.600,1232.2,2188.0,search,STAY
5420.3,0.13,MCS12·MIMO·160MHz·3.2us,12,2,160,34.5,0.00,1.000,1859.8,2188.0,search,STAY
5420.4,0.12,MCS13·MIMO·160MHz·3.2us,13,2,160,34.5,0.00,0.600,1232.2,2188.0,search,STAY
5420.5,0.13,MCS12·MIMO·160MHz·3.2us,12,2,160,34.5,0.00,1.000,1859.8,2188.0,search,STAY
5420.7,0.12,MCS13·MIMO·160MHz·3.2us,13,2,160,34.5,0.00,0.600,1232.2,2188.0,search,STAY
5420.8,0.13,MCS12·MIMO·160MHz·3.2us,12,2,160,34.5,0.00,1.000,1859.8,2188.0,search,STAY
5420.9,0.12,MCS13·MIMO·160MHz·3.2us,13,2,160,34.5,0.00,0.600,1232.2,2188.0,search,STAY
5421.0,0.13,MCS12·MIMO·160MHz·3.2us,12,2,160,34.5,0.00,1.000,1859.8,2188.0,search,STAY
5421.2,0.12,MCS13·MIMO·160MHz·3.2us,13,2,160,34.5,0.00,0.600,1232.2,2188.0,search,STAY
5421.3,0.13,MCS12·MIMO·160MHz·3.2us,12,2,160,34.5,0.00,1.000,1859.8,2188.0,search,STAY
5421.4,0.12,MCS13·MIMO·160MHz·3.2us,13,2,160,34.5,0.00,0.600,1232.2,2188.0,search,STAY
5421.5,0.13,MCS12·MIMO·160MHz·3.2us,12,2,160,34.5,0.00,1.000,1859.8,2188.0,search,STAY
5421.7,0.12,MCS13·MIMO·160MHz·3.2us,13,2,160,34.5,0.00,0.550,1129.5,2188.0,search,STAY
5421.8,0.13,MCS12·MIMO·160MHz·3.2us,12,2,160,34.5,0.00,1.000,1859.8,2188.0,search,STAY
5421.9,0.12,MCS13·MIMO·160MHz·3.2us,13,2,160,34.5,0.00,0.550,1129.5,2188.0,search,STAY
5422.0,0.13,MCS12·MIMO·160MHz·3.2us,12,2,160,34.4,0.00,1.000,1859.8,2188.0,search,STAY
5422.2,0.12,MCS13·MIMO·160MHz·3.2us,13,2,160,34.4,0.00,0.550,1129.5,2188.0,search,STAY
5422.3,0.13,MCS12·MIMO·160MHz·3.2us,12,2,160,34.4,0.00,1.000,1859.8,2188.0,search,STAY
5422.4,0.12,MCS13·MIMO·160MHz·3.2us,13,2,160,34.4,0.00,0.550,1129.5,2188.0,search,STAY
5422.5,0.13,MCS12·MIMO·160MHz·3.2us,12,2,160,34.4,0.00,1.000,1859.8,2188.0,search,STAY
5422.6,0.12,MCS13·MIMO·160MHz·3.2us,13,2,160,34.4,0.00,0.550,1129.5,2188.0,search,STAY
5422.8,0.13,MCS12·MIMO·160MHz·3.2us,12,2,160,34.4,0.00,1.000,1859.8,2188.0,search,STAY
5422.9,0.12,MCS13·MIMO·160MHz·3.2us,13,2,160,34.4,0.00,0.550,1129.5,2188.0,search,STAY
5423.0,0.13,MCS12·MIMO·160MHz·3.2us,12,2,160,34.4,0.00,1.000,1859.8,2188.0,search,STAY
5423.1,0.12,MCS13·MIMO·160MHz·3.2us,13,2,160,34.4,0.00,0.500,1026.8,2188.0,search,STAY
5423.3,0.13,MCS12·MIMO·160MHz·3.2us,12,2,160,34.4,0.00,1.000,1859.8,2188.0,search,STAY
5423.4,0.12,MCS13·MIMO·160MHz·3.2us,13,2,160,34.4,0.00,0.500,1026.8,2188.0,search,STAY
5423.5,0.13,MCS12·MIMO·160MHz·3.2us,12,2,160,34.4,0.00,1.000,1859.8,2188.0,search,STAY
5423.6,0.12,MCS13·MIMO·160MHz·3.2us,13,2,160,34.4,0.00,0.500,1026.8,2188.0,search,STAY
5423.7,0.13,MCS12·MIMO·160MHz·3.2us,12,2,160,34.4,0.00,1.000,1859.8,2188.0,search,STAY
5423.9,0.12,MCS13·MIMO·160MHz·3.2us,13,2,160,34.4,0.00,0.500,1026.8,2188.0,search,STAY
5424.0,0.13,MCS12·MIMO·160MHz·3.2us,12,2,160,34.4,0.00,1.000,1859.8,2188.0,search,STAY
5424.1,0.12,MCS13·MIMO·160MHz·3.2us,13,2,160,34.4,0.00,0.500,1026.8,2188.0,search,STAY
5424.2,0.13,MCS12·MIMO·160MHz·3.2us,12,2,160,34.4,0.00,1.000,1859.8,2188.0,search,STAY
5424.4,0.12,MCS13·MIMO·160MHz·3.2us,13,2,160,34.4,0.00,0.500,1026.8,2188.0,search,STAY
5424.5,0.13,MCS12·MIMO·160MHz·3.2us,12,2,160,34.4,0.00,1.000,1859.8,2188.0,search,STAY
5424.6,0.12,MCS13·MIMO·160MHz·3.2us,13,2,160,34.4,0.00,0.500,1026.8,2188.0,search,STAY
5424.7,0.13,MCS12·MIMO·160MHz·3.2us,12,2,160,34.4,0.00,1.000,1859.8,2188.0,search,STAY
5424.9,0.12,MCS13·MIMO·160MHz·3.2us,13,2,160,34.4,0.00,0.450,924.1,2188.0,search,STAY
5425.0,0.13,MCS12·MIMO·160MHz·3.2us,12,2,160,34.4,0.00,1.000,1859.8,2188.0,search,STAY
5425.1,0.12,MCS13·MIMO·160MHz·3.2us,13,2,160,34.4,0.00,0.450,924.1,2188.0,search,STAY
5425.2,0.13,MCS12·MIMO·160MHz·3.2us,12,2,160,34.4,0.00,1.000,1859.8,2188.0,search,STAY
5425.4,0.12,MCS13·MIMO·160MHz·3.2us,13,2,160,34.4,0.00,0.450,924.1,2188.0,search,STAY
5425.5,0.13,MCS12·MIMO·160MHz·3.2us,12,2,160,34.4,0.00,1.000,1859.8,2188.0,search,STAY
5425.6,0.12,MCS13·MIMO·160MHz·3.2us,13,2,160,34.4,0.00,0.450,924.1,2188.0,search,STAY
5425.7,0.13,MCS12·MIMO·160MHz·3.2us,12,2,160,34.4,0.00,1.000,1859.8,2188.0,search,STAY
5425.8,0.12,MCS13·MIMO·160MHz·3.2us,13,2,160,34.4,0.00,0.450,924.1,2188.0,search,STAY
5426.0,0.13,MCS12·MIMO·160MHz·3.2us,12,2,160,34.4,0.00,1.000,1859.8,2188.0,search,STAY
5426.1,0.12,MCS13·MIMO·160MHz·3.2us,13,2,160,34.3,0.00,0.450,924.1,2188.0,search,STAY
5426.2,0.13,MCS12·MIMO·160MHz·3.2us,12,2,160,34.3,0.00,1.000,1859.8,2188.0,search,STAY
5426.3,0.12,MCS13·MIMO·160MHz·3.2us,13,2,160,34.3,0.00,0.400,821.4,2188.0,search,STAY
5426.5,0.13,MCS12·MIMO·160MHz·3.2us,12,2,160,34.3,0.00,1.000,1859.8,2188.0,search,STAY
5426.6,0.12,MCS13·MIMO·160MHz·3.2us,13,2,160,34.3,0.00,0.400,821.4,2188.0,search,STAY
5426.7,0.13,MCS12·MIMO·160MHz·3.2us,12,2,160,34.3,0.00,1.000,1859.8,2188.0,search,STAY
5426.8,0.12,MCS13·MIMO·160MHz·3.2us,13,2,160,34.3,0.00,0.400,821.4,2188.0,search,STAY
5426.9,0.13,MCS12·MIMO·160MHz·3.2us,12,2,160,34.3,0.00,1.000,1859.8,2188.0,search,STAY
5427.1,0.12,MCS13·MIMO·160MHz·3.2us,13,2,160,34.3,0.00,0.400,821.4,2188.0,search,STAY
5427.2,0.13,MCS12·MIMO·160MHz·3.2us,12,2,160,34.3,0.00,1.000,1859.8,2188.0,search,STAY
5427.3,0.12,MCS13·MIMO·160MHz·3.2us,13,2,160,34.3,0.00,0.400,821.4,2188.0,search,STAY
5427.4,0.13,MCS12·MIMO·160MHz·3.2us,12,2,160,34.3,0.00,1.000,1859.8,2188.0,search,STAY
5427.6,0.12,MCS13·MIMO·160MHz·3.2us,13,2,160,34.3,0.00,0.400,821.4,2188.0,search,STAY
5427.7,0.26,MCS12·SISO·160MHz·3.2us,12,1,160,34.3,0.00,1.000,929.9,2188.0,search,SEARCH
5427.9,0.26,MCS12·MIMO·80MHz·3.2us,12,2,80,34.3,0.00,1.000,929.9,2188.0,search,SEARCH
5428.2,0.11,MCS12·MIMO·160MHz·0.8us,12,2,160,34.3,0.00,1.000,2188.0,2188.0,search,SEARCH
5428.3,10.97,MCS12·MIMO·160MHz·0.8us,12,2,160,34.3,0.00,1.000,2188.0,2188.0,dwell,STAY
5439.3,0.10,MCS13·MIMO·160MHz·0.8us,13,2,160,34.0,0.00,0.000,0.0,2188.0,search,STAY
5439.4,0.11,MCS12·MIMO·160MHz·0.8us,12,2,160,34.0,0.00,1.000,2188.0,2188.0,search,STAY
5439.5,0.10,MCS13·MIMO·160MHz·0.8us,13,2,160,34.0,0.00,0.000,0.0,2188.0,search,STAY
5439.6,0.11,MCS12·MIMO·160MHz·0.8us,12,2,160,34.0,0.00,1.000,2188.0,2188.0,search,STAY
5439.7,0.10,MCS13·MIMO·160MHz·0.8us,13,2,160,34.0,0.00,0.000,0.0,2188.0,search,STAY
5439.8,0.11,MCS12·MIMO·160MHz·0.8us,12,2,160,34.0,0.00,1.000,2188.0,2188.0,search,STAY
5439.9,0.10,MCS13·MIMO·160MHz·0.8us,13,2,160,34.0,0.00,0.000,0.0,2188.0,search,STAY
5440.0,0.11,MCS12·MIMO·160MHz·0.8us,12,2,160,34.0,0.00,1.000,2188.0,2188.0,search,STAY
5440.1,0.10,MCS13·MIMO·160MHz·0.8us,13,2,160,34.0,0.00,0.000,0.0,2188.0,search,STAY
5440.2,0.11,MCS12·MIMO·160MHz·0.8us,12,2,160,34.0,0.00,1.000,2188.0,2188.0,search,STAY
5440.3,0.10,MCS13·MIMO·160MHz·0.8us,13,2,160,34.0,0.00,0.000,0.0,2188.0,search,STAY
5440.4,0.11,MCS12·MIMO·160MHz·0.8us,12,2,160,34.0,0.00,1.000,2188.0,2188.0,search,STAY
5440.5,0.10,MCS13·MIMO·160MHz·0.8us,13,2,160,34.0,0.00,0.000,0.0,2188.0,search,STAY
5440.6,0.11,MCS12·MIMO·160MHz·0.8us,12,2,160,34.0,0.00,1.000,2188.0,2188.0,search,STAY
5440.7,0.10,MCS13·MIMO·160MHz·0.8us,13,2,160,34.0,0.00,0.000,0.0,2188.0,search,STAY
5440.8,0.11,MCS12·MIMO·160MHz·0.8us,12,2,160,34.0,0.00,1.000,2188.0,2188.0,search,STAY
5440.9,0.10,MCS13·MIMO·160MHz·0.8us,13,2,160,34.0,0.00,0.000,0.0,2188.0,search,STAY
5441.0,0.11,MCS12·MIMO·160MHz·0.8us,12,2,160,34.0,0.00,1.000,2188.0,2188.0,search,STAY
5441.2,0.10,MCS13·MIMO·160MHz·0.8us,13,2,160,34.0,0.00,0.000,0.0,2188.0,search,STAY
5441.3,0.11,MCS12·MIMO·160MHz·0.8us,12,2,160,34.0,0.00,1.000,2188.0,2188.0,search,STAY
5441.4,0.10,MCS13·MIMO·160MHz·0.8us,13,2,160,34.0,0.00,0.000,0.0,2188.0,search,STAY
5441.5,0.11,MCS12·MIMO·160MHz·0.8us,12,2,160,34.0,0.00,1.000,2188.0,2188.0,search,STAY
5441.6,0.10,MCS13·MIMO·160MHz·0.8us,13,2,160,34.0,0.00,0.000,0.0,2188.0,search,STAY
5441.7,0.11,MCS12·MIMO·160MHz·0.8us,12,2,160,34.0,0.00,1.000,2188.0,2188.0,search,STAY
5441.8,0.10,MCS13·MIMO·160MHz·0.8us,13,2,160,34.0,0.00,0.000,0.0,2188.0,search,STAY
5441.9,0.11,MCS12·MIMO·160MHz·0.8us,12,2,160,34.0,0.00,1.000,2188.0,2188.0,search,STAY
5442.0,0.10,MCS13·MIMO·160MHz·0.8us,13,2,160,34.0,0.00,0.000,0.0,2188.0,search,STAY
5442.1,0.11,MCS12·MIMO·160MHz·0.8us,12,2,160,33.9,0.00,1.000,2188.0,2188.0,search,STAY
5442.2,0.10,MCS13·MIMO·160MHz·0.8us,13,2,160,33.9,0.00,0.000,0.0,2188.0,search,STAY
5442.3,0.11,MCS12·MIMO·160MHz·0.8us,12,2,160,33.9,0.00,1.000,2188.0,2188.0,search,STAY
5442.4,0.10,MCS13·MIMO·160MHz·0.8us,13,2,160,33.9,0.00,0.000,0.0,2188.0,search,STAY
5442.5,0.11,MCS12·MIMO·160MHz·0.8us,12,2,160,33.9,0.00,1.000,2188.0,2188.0,search,STAY
5442.6,0.10,MCS13·MIMO·160MHz·0.8us,13,2,160,33.9,0.00,0.000,0.0,2188.0,search,STAY
5442.7,0.11,MCS12·MIMO·160MHz·0.8us,12,2,160,33.9,0.00,1.000,2188.0,2188.0,search,STAY
5442.8,0.10,MCS13·MIMO·160MHz·0.8us,13,2,160,33.9,0.00,0.000,0.0,2188.0,search,STAY
5442.9,0.11,MCS12·MIMO·160MHz·0.8us,12,2,160,33.9,0.00,1.000,2188.0,2188.0,search,STAY
5443.0,0.10,MCS13·MIMO·160MHz·0.8us,13,2,160,33.9,0.00,0.000,0.0,2188.0,search,STAY
5443.1,0.11,MCS12·MIMO·160MHz·0.8us,12,2,160,33.9,0.00,1.000,2188.0,2188.0,search,STAY
5443.2,0.10,MCS13·MIMO·160MHz·0.8us,13,2,160,33.9,0.00,0.000,0.0,2188.0,search,STAY
5443.3,0.11,MCS12·MIMO·160MHz·0.8us,12,2,160,33.9,0.00,1.000,2188.0,2188.0,search,STAY
5443.5,0.10,MCS13·MIMO·160MHz·0.8us,13,2,160,33.9,0.00,0.000,0.0,2188.0,search,STAY
5443.6,0.22,MCS12·SISO·160MHz·0.8us,12,1,160,33.9,0.00,1.000,1094.0,2188.0,search,SEARCH
5443.8,0.22,MCS12·MIMO·80MHz·0.8us,12,2,80,33.9,0.00,0.850,929.9,2188.0,search,SEARCH
5444.0,0.13,MCS12·MIMO·160MHz·3.2us,12,2,160,33.9,0.00,1.000,1859.8,2188.0,search,SEARCH
5444.1,12.90,MCS12·MIMO·160MHz·3.2us,12,2,160,33.9,0.00,1.000,1859.8,2188.0,dwell,STAY
5457.0,0.12,MCS13·MIMO·160MHz·3.2us,13,2,160,33.6,0.00,0.000,0.0,2188.0,search,STAY
5457.1,0.13,MCS12·MIMO·160MHz·3.2us,12,2,160,33.6,0.00,1.000,1859.8,2188.0,search,STAY
5457.3,0.12,MCS13·MIMO·160MHz·3.2us,13,2,160,33.6,0.00,0.000,0.0,2188.0,search,STAY
5457.4,0.13,MCS12·MIMO·160MHz·3.2us,12,2,160,33.6,0.00,1.000,1859.8,2188.0,search,STAY
5457.5,0.12,MCS13·MIMO·160MHz·3.2us,13,2,160,33.6,0.00,0.000,0.0,2188.0,search,STAY
5457.6,0.13,MCS12·MIMO·160MHz·3.2us,12,2,160,33.6,0.00,1.000,1859.8,2188.0,search,STAY
5457.8,0.12,MCS13·MIMO·160MHz·3.2us,13,2,160,33.6,0.00,0.000,0.0,2188.0,search,STAY
5457.9,0.13,MCS12·MIMO·160MHz·3.2us,12,2,160,33.6,0.00,1.000,1859.8,2188.0,search,STAY
5458.0,0.12,MCS13·MIMO·160MHz·3.2us,13,2,160,33.5,0.00,0.000,0.0,2188.0,search,STAY
5458.1,0.13,MCS12·MIMO·160MHz·3.2us,12,2,160,33.5,0.00,1.000,1859.8,2188.0,search,STAY
5458.3,0.12,MCS13·MIMO·160MHz·3.2us,13,2,160,33.5,0.00,0.000,0.0,2188.0,search,STAY
5458.4,0.13,MCS12·MIMO·160MHz·3.2us,12,2,160,33.5,0.00,1.000,1859.8,2188.0,search,STAY
5458.5,0.12,MCS13·MIMO·160MHz·3.2us,13,2,160,33.5,0.00,0.000,0.0,2188.0,search,STAY
5458.6,0.13,MCS12·MIMO·160MHz·3.2us,12,2,160,33.5,0.00,1.000,1859.8,2188.0,search,STAY
5458.7,0.12,MCS13·MIMO·160MHz·3.2us,13,2,160,33.5,0.00,0.000,0.0,2188.0,search,STAY
5458.9,0.13,MCS12·MIMO·160MHz·3.2us,12,2,160,33.5,0.00,1.000,1859.8,2188.0,search,STAY
5459.0,0.12,MCS13·MIMO·160MHz·3.2us,13,2,160,33.5,0.00,0.000,0.0,2188.0,search,STAY
5459.1,0.13,MCS12·MIMO·160MHz·3.2us,12,2,160,33.5,0.00,1.000,1859.8,2188.0,search,STAY
5459.2,0.12,MCS13·MIMO·160MHz·3.2us,13,2,160,33.5,0.00,0.000,0.0,2188.0,search,STAY
5459.4,0.13,MCS12·MIMO·160MHz·3.2us,12,2,160,33.5,0.00,1.000,1859.8,2188.0,search,STAY
5459.5,0.12,MCS13·MIMO·160MHz·3.2us,13,2,160,33.5,0.00,0.000,0.0,2188.0,search,STAY
5459.6,0.13,MCS12·MIMO·160MHz·3.2us,12,2,160,33.5,0.00,1.000,1859.8,2188.0,search,STAY
5459.7,0.12,MCS13·MIMO·160MHz·3.2us,13,2,160,33.5,0.00,0.000,0.0,2188.0,search,STAY
5459.9,0.13,MCS12·MIMO·160MHz·3.2us,12,2,160,33.5,0.00,1.000,1859.8,2188.0,search,STAY
5460.0,0.12,MCS13·MIMO·160MHz·3.2us,13,2,160,33.5,0.00,0.000,0.0,2188.0,search,STAY
5460.1,0.13,MCS12·MIMO·160MHz·3.2us,12,2,160,33.5,0.00,1.000,1859.8,2187.7,search,STAY
5460.2,0.12,MCS13·MIMO·160MHz·3.2us,13,2,160,33.5,0.00,0.000,0.0,2187.4,search,STAY
5460.3,0.13,MCS12·MIMO·160MHz·3.2us,12,2,160,33.5,0.00,1.000,1859.8,2187.1,search,STAY
5460.5,0.12,MCS13·MIMO·160MHz·3.2us,13,2,160,33.5,0.00,0.000,0.0,2186.7,search,STAY
5460.6,0.13,MCS12·MIMO·160MHz·3.2us,12,2,160,33.5,0.00,1.000,1859.8,2186.4,search,STAY
5460.7,0.12,MCS13·MIMO·160MHz·3.2us,13,2,160,33.5,0.00,0.000,0.0,2186.0,search,STAY
5460.8,0.13,MCS12·MIMO·160MHz·3.2us,12,2,160,33.5,0.00,1.000,1859.8,2185.7,search,STAY
5461.0,0.12,MCS13·MIMO·160MHz·3.2us,13,2,160,33.5,0.00,0.000,0.0,2185.4,search,STAY
5461.1,0.13,MCS12·MIMO·160MHz·3.2us,12,2,160,33.5,0.00,1.000,1859.8,2185.0,search,STAY
5461.2,0.12,MCS13·MIMO·160MHz·3.2us,13,2,160,33.5,0.00,0.000,0.0,2184.7,search,STAY
5461.3,0.13,MCS12·MIMO·160MHz·3.2us,12,2,160,33.5,0.00,1.000,1859.8,2184.4,search,STAY
5461.5,0.12,MCS13·MIMO·160MHz·3.2us,13,2,160,33.5,0.00,0.000,0.0,2184.0,search,STAY
5461.6,0.13,MCS12·MIMO·160MHz·3.2us,12,2,160,33.5,0.00,1.000,1859.8,2183.7,search,STAY
5461.7,0.12,MCS13·MIMO·160MHz·3.2us,13,2,160,33.5,0.00,0.000,0.0,2183.3,search,STAY
5461.8,0.13,MCS12·MIMO·160MHz·3.2us,12,2,160,33.5,0.00,1.000,1859.8,2183.0,search,STAY
5461.9,0.12,MCS13·MIMO·160MHz·3.2us,13,2,160,33.5,0.00,0.000,0.0,2182.7,search,STAY
5462.1,0.26,MCS12·SISO·160MHz·3.2us,12,1,160,33.4,0.00,1.000,929.9,2182.4,search,SEARCH
5462.3,0.26,MCS12·MIMO·80MHz·3.2us,12,2,80,33.4,0.00,0.950,883.4,2181.7,search,SEARCH
5462.6,0.11,MCS12·MIMO·160MHz·0.8us,12,2,160,33.4,0.00,1.000,2188.0,2180.9,search,SEARCH
5462.7,10.97,MCS12·MIMO·160MHz·0.8us,12,2,160,33.4,0.00,0.997,2180.3,2180.6,dwell,STAY
5473.7,0.10,MCS13·MIMO·160MHz·0.8us,13,2,160,33.2,0.00,0.000,0.0,2150.6,search,STAY
5473.8,0.11,MCS12·MIMO·160MHz·0.8us,12,2,160,33.2,0.00,1.000,2188.0,2150.4,search,STAY
5473.9,0.10,MCS13·MIMO·160MHz·0.8us,13,2,160,33.2,0.00,0.000,0.0,2150.1,search,STAY
5474.0,0.11,MCS12·MIMO·160MHz·0.8us,12,2,160,33.2,0.00,1.000,2188.0,2149.8,search,STAY
5474.1,0.10,MCS13·MIMO·160MHz·0.8us,13,2,160,33.1,0.00,0.000,0.0,2149.5,search,STAY
5474.2,0.11,MCS12·MIMO·160MHz·0.8us,12,2,160,33.1,0.00,1.000,2188.0,2149.2,search,STAY
5474.3,0.10,MCS13·MIMO·160MHz·0.8us,13,2,160,33.1,0.00,0.000,0.0,2148.9,search,STAY
5474.4,0.11,MCS12·MIMO·160MHz·0.8us,12,2,160,33.1,0.00,1.000,2188.0,2148.7,search,STAY
5474.5,0.10,MCS13·MIMO·160MHz·0.8us,13,2,160,33.1,0.00,0.000,0.0,2148.4,search,STAY
5474.6,0.11,MCS12·MIMO·160MHz·0.8us,12,2,160,33.1,0.00,1.000,2188.0,2148.1,search,STAY
5474.7,0.10,MCS13·MIMO·160MHz·0.8us,13,2,160,33.1,0.00,0.000,0.0,2147.8,search,STAY
5474.8,0.11,MCS12·MIMO·160MHz·0.8us,12,2,160,33.1,0.00,1.000,2188.0,2147.5,search,STAY
5474.9,0.10,MCS13·MIMO·160MHz·0.8us,13,2,160,33.1,0.00,0.000,0.0,2147.2,search,STAY
5475.0,0.11,MCS12·MIMO·160MHz·0.8us,12,2,160,33.1,0.00,1.000,2188.0,2146.9,search,STAY
5475.1,0.10,MCS13·MIMO·160MHz·0.8us,13,2,160,33.1,0.00,0.000,0.0,2146.6,search,STAY
5475.2,0.11,MCS12·MIMO·160MHz·0.8us,12,2,160,33.1,0.00,1.000,2188.0,2146.4,search,STAY
5475.3,0.10,MCS13·MIMO·160MHz·0.8us,13,2,160,33.1,0.00,0.000,0.0,2146.1,search,STAY
5475.4,0.11,MCS12·MIMO·160MHz·0.8us,12,2,160,33.1,0.00,1.000,2188.0,2145.8,search,STAY
5475.5,0.10,MCS13·MIMO·160MHz·0.8us,13,2,160,33.1,0.00,0.000,0.0,2145.5,search,STAY
5475.6,0.11,MCS12·MIMO·160MHz·0.8us,12,2,160,33.1,0.00,1.000,2188.0,2145.2,search,STAY
5475.7,0.10,MCS13·MIMO·160MHz·0.8us,13,2,160,33.1,0.00,0.000,0.0,2144.9,search,STAY
5475.8,0.11,MCS12·MIMO·160MHz·0.8us,12,2,160,33.1,0.00,1.000,2188.0,2144.7,search,STAY
5476.0,0.10,MCS13·MIMO·160MHz·0.8us,13,2,160,33.1,0.00,0.000,0.0,2144.4,search,STAY
5476.1,0.11,MCS12·MIMO·160MHz·0.8us,12,2,160,33.1,0.00,1.000,2188.0,2144.1,search,STAY
5476.2,0.10,MCS13·MIMO·160MHz·0.8us,13,2,160,33.1,0.00,0.000,0.0,2143.8,search,STAY
5476.3,0.11,MCS12·MIMO·160MHz·0.8us,12,2,160,33.1,0.00,1.000,2188.0,2143.5,search,STAY
5476.4,0.10,MCS13·MIMO·160MHz·0.8us,13,2,160,33.1,0.00,0.000,0.0,2143.2,search,STAY
5476.5,0.11,MCS12·MIMO·160MHz·0.8us,12,2,160,33.1,0.00,1.000,2188.0,2142.9,search,STAY
5476.6,0.10,MCS13·MIMO·160MHz·0.8us,13,2,160,33.1,0.00,0.000,0.0,2142.6,search,STAY
5476.7,0.11,MCS12·MIMO·160MHz·0.8us,12,2,160,33.1,0.00,1.000,2188.0,2142.4,search,STAY
5476.8,0.10,MCS13·MIMO·160MHz·0.8us,13,2,160,33.1,0.00,0.000,0.0,2142.1,search,STAY
5476.9,0.11,MCS12·MIMO·160MHz·0.8us,12,2,160,33.1,0.00,1.000,2188.0,2141.8,search,STAY
5477.0,0.10,MCS13·MIMO·160MHz·0.8us,13,2,160,33.1,0.00,0.000,0.0,2141.5,search,STAY
5477.1,0.11,MCS12·MIMO·160MHz·0.8us,12,2,160,33.1,0.00,1.000,2188.0,2141.2,search,STAY
5477.2,0.10,MCS13·MIMO·160MHz·0.8us,13,2,160,33.1,0.00,0.000,0.0,2140.9,search,STAY
5477.3,0.11,MCS12·MIMO·160MHz·0.8us,12,2,160,33.1,0.00,1.000,2188.0,2140.7,search,STAY
5477.4,0.10,MCS13·MIMO·160MHz·0.8us,13,2,160,33.1,0.00,0.000,0.0,2140.4,search,STAY
5477.5,0.11,MCS12·MIMO·160MHz·0.8us,12,2,160,33.1,0.00,1.000,2188.0,2140.1,search,STAY
5477.6,0.10,MCS13·MIMO·160MHz·0.8us,13,2,160,33.1,0.00,0.000,0.0,2139.8,search,STAY
5477.7,0.22,MCS12·SISO·160MHz·0.8us,12,1,160,33.1,0.00,1.000,1094.0,2139.5,search,SEARCH
5477.9,0.22,MCS12·MIMO·80MHz·0.8us,12,2,80,33.1,0.00,0.050,54.7,2138.9,search,SEARCH
5478.2,0.13,MCS12·MIMO·160MHz·3.2us,12,2,160,33.0,0.00,1.000,1859.8,2138.3,search,SEARCH
5478.3,12.90,MCS12·MIMO·160MHz·3.2us,12,2,160,33.0,0.00,0.991,1843.1,2138.0,dwell,STAY
5491.2,0.12,MCS13·MIMO·160MHz·3.2us,13,2,160,32.7,0.00,0.000,0.0,2039.3,search,STAY
5491.3,0.13,MCS12·MIMO·160MHz·3.2us,12,2,160,32.7,0.00,1.000,1859.8,2039.3,search,STAY
5491.4,0.12,MCS13·MIMO·160MHz·3.2us,13,2,160,32.7,0.00,0.000,0.0,2039.3,search,STAY
5491.6,0.13,MCS12·MIMO·160MHz·3.2us,12,2,160,32.7,0.00,1.000,1859.8,2039.2,search,STAY
5491.7,0.12,MCS13·MIMO·160MHz·3.2us,13,2,160,32.7,0.00,0.000,0.0,2039.2,search,STAY
5491.8,0.13,MCS12·MIMO·160MHz·3.2us,12,2,160,32.7,0.00,1.000,1859.8,2039.2,search,STAY
5491.9,0.12,MCS13·MIMO·160MHz·3.2us,13,2,160,32.7,0.00,0.000,0.0,2039.2,search,STAY
5492.1,0.13,MCS12·MIMO·160MHz·3.2us,12,2,160,32.7,0.00,1.000,1859.8,2039.1,search,STAY
5492.2,0.12,MCS13·MIMO·160MHz·3.2us,13,2,160,32.7,0.00,0.000,0.0,2039.1,search,STAY
5492.3,0.13,MCS12·MIMO·160MHz·3.2us,12,2,160,32.7,0.00,1.000,1859.8,2039.1,search,STAY
5492.4,0.12,MCS13·MIMO·160MHz·3.2us,13,2,160,32.7,0.00,0.000,0.0,2039.1,search,STAY
5492.5,0.13,MCS12·MIMO·160MHz·3.2us,12,2,160,32.7,0.00,1.000,1859.8,2039.0,search,STAY
5492.7,0.12,MCS13·MIMO·160MHz·3.2us,13,2,160,32.7,0.00,0.000,0.0,2039.0,search,STAY
5492.8,0.13,MCS12·MIMO·160MHz·3.2us,12,2,160,32.7,0.00,1.000,1859.8,2039.0,search,STAY
5492.9,0.12,MCS13·MIMO·160MHz·3.2us,13,2,160,32.7,0.00,0.000,0.0,2039.0,search,STAY
5493.0,0.13,MCS12·MIMO·160MHz·3.2us,12,2,160,32.7,0.00,1.000,1859.8,2038.9,search,STAY
5493.2,0.12,MCS13·MIMO·160MHz·3.2us,13,2,160,32.7,0.00,0.000,0.0,2038.9,search,STAY
5493.3,0.13,MCS12·MIMO·160MHz·3.2us,12,2,160,32.7,0.00,1.000,1859.8,2038.9,search,STAY
5493.4,0.12,MCS13·MIMO·160MHz·3.2us,13,2,160,32.7,0.00,0.000,0.0,2038.9,search,STAY
5493.5,0.13,MCS12·MIMO·160MHz·3.2us,12,2,160,32.7,0.00,1.000,1859.8,2038.8,search,STAY
5493.7,0.12,MCS13·MIMO·160MHz·3.2us,13,2,160,32.7,0.00,0.000,0.0,2038.8,search,STAY
5493.8,0.13,MCS12·MIMO·160MHz·3.2us,12,2,160,32.7,0.00,1.000,1859.8,2038.8,search,STAY
5493.9,0.12,MCS13·MIMO·160MHz·3.2us,13,2,160,32.7,0.00,0.000,0.0,2038.8,search,STAY
5494.0,0.13,MCS12·MIMO·160MHz·3.2us,12,2,160,32.6,0.00,1.000,1859.8,2038.7,search,STAY
5494.2,0.12,MCS13·MIMO·160MHz·3.2us,13,2,160,32.6,0.00,0.000,0.0,2038.7,search,STAY
5494.3,0.13,MCS12·MIMO·160MHz·3.2us,12,2,160,32.6,0.00,1.000,1859.8,2038.7,search,STAY
5494.4,0.12,MCS13·MIMO·160MHz·3.2us,13,2,160,32.6,0.00,0.000,0.0,2038.7,search,STAY
5494.5,0.13,MCS12·MIMO·160MHz·3.2us,12,2,160,32.6,0.00,1.000,1859.8,2038.6,search,STAY
5494.6,0.12,MCS13·MIMO·160MHz·3.2us,13,2,160,32.6,0.00,0.000,0.0,2038.6,search,STAY
5494.8,0.13,MCS12·MIMO·160MHz·3.2us,12,2,160,32.6,0.00,1.000,1859.8,2038.6,search,STAY
5494.9,0.12,MCS13·MIMO·160MHz·3.2us,13,2,160,32.6,0.00,0.000,0.0,2038.6,search,STAY
5495.0,0.13,MCS12·MIMO·160MHz·3.2us,12,2,160,32.6,0.00,1.000,1859.8,2038.5,search,STAY
5495.1,0.12,MCS13·MIMO·160MHz·3.2us,13,2,160,32.6,0.00,0.000,0.0,2038.5,search,STAY
5495.3,0.13,MCS12·MIMO·160MHz·3.2us,12,2,160,32.6,0.00,1.000,1859.8,2038.5,search,STAY
5495.4,0.12,MCS13·MIMO·160MHz·3.2us,13,2,160,32.6,0.00,0.000,0.0,2038.5,search,STAY
5495.5,0.13,MCS12·MIMO·160MHz·3.2us,12,2,160,32.6,0.00,1.000,1859.8,2038.4,search,STAY
5495.6,0.12,MCS13·MIMO·160MHz·3.2us,13,2,160,32.6,0.00,0.000,0.0,2038.4,search,STAY
5495.7,0.13,MCS12·MIMO·160MHz·3.2us,12,2,160,32.6,0.00,1.000,1859.8,2038.4,search,STAY
5495.9,0.12,MCS13·MIMO·160MHz·3.2us,13,2,160,32.6,0.00,0.000,0.0,2038.4,search,STAY
5496.0,0.26,MCS12·SISO·160MHz·3.2us,12,1,160,32.6,0.00,1.000,929.9,2038.3,search,SEARCH
5496.2,0.26,MCS12·MIMO·80MHz·3.2us,12,2,80,32.6,0.00,0.150,139.5,2038.3,search,SEARCH
5496.5,0.11,MCS12·MIMO·160MHz·0.8us,12,2,160,32.6,0.00,0.800,1750.4,2038.2,search,SEARCH
5496.6,10.97,MCS12·MIMO·160MHz·0.8us,12,2,160,32.6,0.00,0.775,1696.8,2038.2,dwell,STAY
5507.6,0.24,MCS11·SISO·160MHz·0.8us,11,1,160,32.3,0.00,1.000,1020.8,2039.1,search,SEARCH
5507.8,0.24,MCS11·MIMO·80MHz·0.8us,11,2,80,32.3,0.00,1.000,1020.8,2039.1,search,SEARCH
5508.1,0.14,MCS11·MIMO·160MHz·3.2us,11,2,160,32.3,0.00,1.000,1735.4,2039.2,search,SEARCH
5508.2,11.76,MCS11·MIMO·160MHz·0.8us,11,2,160,32.3,0.00,0.999,2039.6,2039.2,dwell,STAY
5519.9,0.11,MCS12·MIMO·160MHz·0.8us,12,2,160,32.0,0.00,0.000,0.0,2041.6,search,STAY
5520.1,0.12,MCS11·MIMO·160MHz·0.8us,11,2,160,32.0,0.00,1.000,2041.6,2041.6,search,STAY
5520.2,0.11,MCS12·MIMO·160MHz·0.8us,12,2,160,32.0,0.00,0.000,0.0,2041.6,search,STAY
5520.3,0.12,MCS11·MIMO·160MHz·0.8us,11,2,160,32.0,0.00,1.000,2041.6,2041.5,search,STAY
5520.4,0.11,MCS12·MIMO·160MHz·0.8us,12,2,160,32.0,0.00,0.000,0.0,2041.5,search,STAY
5520.5,0.12,MCS11·MIMO·160MHz·0.8us,11,2,160,32.0,0.00,1.000,2041.6,2041.5,search,STAY
5520.6,0.11,MCS12·MIMO·160MHz·0.8us,12,2,160,32.0,0.00,0.000,0.0,2041.5,search,STAY
5520.7,0.12,MCS11·MIMO·160MHz·0.8us,11,2,160,32.0,0.00,1.000,2041.6,2041.4,search,STAY
5520.9,0.11,MCS12·MIMO·160MHz·0.8us,12,2,160,32.0,0.00,0.000,0.0,2041.4,search,STAY
5521.0,0.12,MCS11·MIMO·160MHz·0.8us,11,2,160,32.0,0.00,1.000,2041.6,2041.4,search,STAY
5521.1,0.11,MCS12·MIMO·160MHz·0.8us,12,2,160,32.0,0.00,0.000,0.0,2041.4,search,STAY
5521.2,0.12,MCS11·MIMO·160MHz·0.8us,11,2,160,32.0,0.00,1.000,2041.6,2041.4,search,STAY
5521.3,0.11,MCS12·MIMO·160MHz·0.8us,12,2,160,32.0,0.00,0.000,0.0,2041.3,search,STAY
5521.4,0.12,MCS11·MIMO·160MHz·0.8us,11,2,160,32.0,0.00,1.000,2041.6,2041.3,search,STAY
5521.5,0.11,MCS12·MIMO·160MHz·0.8us,12,2,160,32.0,0.00,0.000,0.0,2041.3,search,STAY
5521.6,0.12,MCS11·MIMO·160MHz·0.8us,11,2,160,32.0,0.00,1.000,2041.6,2041.3,search,STAY
5521.8,0.11,MCS12·MIMO·160MHz·0.8us,12,2,160,32.0,0.00,0.000,0.0,2041.2,search,STAY
5521.9,0.12,MCS11·MIMO·160MHz·0.8us,11,2,160,32.0,0.00,1.000,2041.6,2041.2,search,STAY
5522.0,0.11,MCS12·MIMO·160MHz·0.8us,12,2,160,32.0,0.00,0.000,0.0,2041.2,search,STAY
5522.1,0.12,MCS11·MIMO·160MHz·0.8us,11,2,160,31.9,0.00,1.000,2041.6,2041.2,search,STAY
5522.2,0.11,MCS12·MIMO·160MHz·0.8us,12,2,160,31.9,0.00,0.000,0.0,2041.1,search,STAY
5522.3,0.12,MCS11·MIMO·160MHz·0.8us,11,2,160,31.9,0.00,1.000,2041.6,2041.1,search,STAY
5522.4,0.11,MCS12·MIMO·160MHz·0.8us,12,2,160,31.9,0.00,0.000,0.0,2041.1,search,STAY
5522.6,0.12,MCS11·MIMO·160MHz·0.8us,11,2,160,31.9,0.00,1.000,2041.6,2041.1,search,STAY
5522.7,0.11,MCS12·MIMO·160MHz·0.8us,12,2,160,31.9,0.00,0.000,0.0,2041.1,search,STAY
5522.8,0.12,MCS11·MIMO·160MHz·0.8us,11,2,160,31.9,0.00,1.000,2041.6,2041.0,search,STAY
5522.9,0.11,MCS12·MIMO·160MHz·0.8us,12,2,160,31.9,0.00,0.000,0.0,2041.0,search,STAY
5523.0,0.12,MCS11·MIMO·160MHz·0.8us,11,2,160,31.9,0.00,1.000,2041.6,2041.0,search,STAY
5523.1,0.11,MCS12·MIMO·160MHz·0.8us,12,2,160,31.9,0.00,0.000,0.0,2041.0,search,STAY
5523.2,0.12,MCS11·MIMO·160MHz·0.8us,11,2,160,31.9,0.00,1.000,2041.6,2040.9,search,STAY
5523.4,0.11,MCS12·MIMO·160MHz·0.8us,12,2,160,31.9,0.00,0.000,0.0,2040.9,search,STAY
5523.5,0.12,MCS11·MIMO·160MHz·0.8us,11,2,160,31.9,0.00,1.000,2041.6,2040.9,search,STAY
5523.6,0.11,MCS12·MIMO·160MHz·0.8us,12,2,160,31.9,0.00,0.000,0.0,2040.9,search,STAY
5523.7,0.12,MCS11·MIMO·160MHz·0.8us,11,2,160,31.9,0.00,1.000,2041.6,2040.8,search,STAY
5523.8,0.11,MCS12·MIMO·160MHz·0.8us,12,2,160,31.9,0.00,0.000,0.0,2040.8,search,STAY
5523.9,0.12,MCS11·MIMO·160MHz·0.8us,11,2,160,31.9,0.00,1.000,2041.6,2040.8,search,STAY
5524.0,0.11,MCS12·MIMO·160MHz·0.8us,12,2,160,31.9,0.00,0.000,0.0,2040.8,search,STAY
5524.1,0.12,MCS11·MIMO·160MHz·0.8us,11,2,160,31.9,0.00,1.000,2041.6,2040.8,search,STAY
5524.3,0.11,MCS12·MIMO·160MHz·0.8us,12,2,160,31.9,0.00,0.000,0.0,2040.7,search,STAY
5524.4,0.24,MCS11·SISO·160MHz·0.8us,11,1,160,31.9,0.00,1.000,1020.8,2040.7,search,SEARCH
5524.6,0.24,MCS11·MIMO·80MHz·0.8us,11,2,80,31.9,0.00,1.000,1020.8,2040.7,search,SEARCH
5524.8,0.14,MCS11·MIMO·160MHz·3.2us,11,2,160,31.9,0.00,1.000,1735.4,2040.6,search,SEARCH
5525.0,13.83,MCS11·MIMO·160MHz·3.2us,11,2,160,31.9,0.00,0.998,1731.9,2040.6,dwell,STAY
5538.8,0.13,MCS12·MIMO·160MHz·3.2us,12,2,160,31.5,0.00,0.050,93.0,2037.8,search,STAY
5538.9,0.14,MCS11·MIMO·160MHz·3.2us,11,2,160,31.5,0.00,1.000,1735.4,2037.7,search,STAY
5539.1,0.13,MCS12·MIMO·160MHz·3.2us,12,2,160,31.5,0.00,0.050,93.0,2037.7,search,STAY
5539.2,0.14,MCS11·MIMO·160MHz·3.2us,11,2,160,31.5,0.00,1.000,1735.4,2037.7,search,STAY
5539.3,0.13,MCS12·MIMO·160MHz·3.2us,12,2,160,31.5,0.00,0.050,93.0,2037.6,search,STAY
5539.5,0.14,MCS11·MIMO·160MHz·3.2us,11,2,160,31.5,0.00,1.000,1735.4,2037.6,search,STAY
5539.6,0.13,MCS12·MIMO·160MHz·3.2us,12,2,160,31.5,0.00,0.050,93.0,2037.6,search,STAY
5539.7,0.14,MCS11·MIMO·160MHz·3.2us,11,2,160,31.5,0.00,1.000,1735.4,2037.6,search,STAY
5539.9,0.13,MCS12·MIMO·160MHz·3.2us,12,2,160,31.5,0.00,0.050,93.0,2037.5,search,STAY
5540.0,0.14,MCS11·MIMO·160MHz·3.2us,11,2,160,31.5,0.00,1.000,1735.4,2037.5,search,STAY
5540.2,0.13,MCS12·MIMO·160MHz·3.2us,12,2,160,31.5,0.00,0.000,0.0,2037.5,search,STAY
5540.3,0.14,MCS11·MIMO·160MHz·3.2us,11,2,160,31.5,0.00,1.000,1735.4,2037.5,search,STAY
5540.4,0.13,MCS12·MIMO·160MHz·3.2us,12,2,160,31.5,0.00,0.000,0.0,2037.5,search,STAY
5540.5,0.14,MCS11·MIMO·160MHz·3.2us,11,2,160,31.5,0.00,1.000,1735.4,2037.5,search,STAY
5540.7,0.13,MCS12·MIMO·160MHz·3.2us,12,2,160,31.5,0.00,0.000,0.0,2037.5,search,STAY
5540.8,0.14,MCS11·MIMO·160MHz·3.2us,11,2,160,31.5,0.00,1.000,1735.4,2037.5,search,STAY
5541.0,0.13,MCS12·MIMO·160MHz·3.2us,12,2,160,31.5,0.00,0.000,0.0,2037.5,search,STAY
5541.1,0.14,MCS11·MIMO·160MHz·3.2us,11,2,160,31.5,0.00,1.000,1735.4,2037.5,search,STAY
5541.2,0.13,MCS12·MIMO·160MHz·3.2us,12,2,160,31.5,0.00,0.000,0.0,2037.5,search,STAY
5541.4,0.14,MCS11·MIMO·160MHz·3.2us,11,2,160,31.5,0.00,1.000,1735.4,2037.5,search,STAY
5541.5,0.13,MCS12·MIMO·160MHz·3.2us,12,2,160,31.5,0.00,0.000,0.0,2037.5,search,STAY
5541.6,0.14,MCS11·MIMO·160MHz·3.2us,11,2,160,31.5,0.00,1.000,1735.4,2037.5,search,STAY
5541.8,0.13,MCS12·MIMO·160MHz·3.2us,12,2,160,31.5,0.00,0.000,0.0,2037.5,search,STAY
5541.9,0.14,MCS11·MIMO·160MHz·3.2us,11,2,160,31.5,0.00,1.000,1735.4,2037.5,search,STAY
5542.0,0.13,MCS12·MIMO·160MHz·3.2us,12,2,160,31.4,0.00,0.000,0.0,2037.5,search,STAY
5542.2,0.14,MCS11·MIMO·160MHz·3.2us,11,2,160,31.4,0.00,1.000,1735.4,2037.5,search,STAY
5542.3,0.13,MCS12·MIMO·160MHz·3.2us,12,2,160,31.4,0.00,0.000,0.0,2037.5,search,STAY
5542.4,0.14,MCS11·MIMO·160MHz·3.2us,11,2,160,31.4,0.00,1.000,1735.4,2037.5,search,STAY
5542.6,0.13,MCS12·MIMO·160MHz·3.2us,12,2,160,31.4,0.00,0.000,0.0,2037.5,search,STAY
5542.7,0.14,MCS11·MIMO·160MHz·3.2us,11,2,160,31.4,0.00,1.000,1735.4,2037.5,search,STAY
5542.8,0.13,MCS12·MIMO·160MHz·3.2us,12,2,160,31.4,0.00,0.000,0.0,2037.5,search,STAY
5543.0,0.14,MCS11·MIMO·160MHz·3.2us,11,2,160,31.4,0.00,1.000,1735.4,2037.5,search,STAY
5543.1,0.13,MCS12·MIMO·160MHz·3.2us,12,2,160,31.4,0.00,0.000,0.0,2037.5,search,STAY
5543.2,0.14,MCS11·MIMO·160MHz·3.2us,11,2,160,31.4,0.00,1.000,1735.4,2037.5,search,STAY
5543.4,0.13,MCS12·MIMO·160MHz·3.2us,12,2,160,31.4,0.00,0.000,0.0,2037.5,search,STAY
5543.5,0.14,MCS11·MIMO·160MHz·3.2us,11,2,160,31.4,0.00,1.000,1735.4,2037.5,search,STAY
5543.6,0.13,MCS12·MIMO·160MHz·3.2us,12,2,160,31.4,0.00,0.000,0.0,2037.5,search,STAY
5543.8,0.14,MCS11·MIMO·160MHz·3.2us,11,2,160,31.4,0.00,1.000,1735.4,2037.5,search,STAY
5543.9,0.13,MCS12·MIMO·160MHz·3.2us,12,2,160,31.4,0.00,0.000,0.0,2037.5,search,STAY
5544.0,0.14,MCS11·MIMO·160MHz·3.2us,11,2,160,31.4,0.00,1.000,1735.4,2037.5,search,STAY
5544.2,0.13,MCS12·MIMO·160MHz·3.2us,12,2,160,31.4,0.00,0.000,0.0,2037.5,search,STAY
5544.3,0.28,MCS11·SISO·160MHz·3.2us,11,1,160,31.4,0.00,1.000,867.7,2037.5,search,SEARCH
5544.6,0.28,MCS11·MIMO·80MHz·3.2us,11,2,80,31.4,0.00,1.000,867.7,2037.5,search,SEARCH
5544.8,0.12,MCS11·MIMO·160MHz·0.8us,11,2,160,31.4,0.00,1.000,2041.6,2037.5,search,SEARCH
5545.0,11.76,MCS11·MIMO·160MHz·0.8us,11,2,160,31.4,0.00,0.998,2037.5,2037.5,dwell,STAY
5556.7,0.11,MCS12·MIMO·160MHz·0.8us,12,2,160,31.1,0.00,0.000,0.0,2037.5,search,STAY
5556.8,0.12,MCS11·MIMO·160MHz·0.8us,11,2,160,31.1,0.00,1.000,2041.6,2037.5,search,STAY
5556.9,0.11,MCS12·MIMO·160MHz·0.8us,12,2,160,31.1,0.00,0.000,0.0,2037.5,search,STAY
5557.1,0.12,MCS11·MIMO·160MHz·0.8us,11,2,160,31.1,0.00,1.000,2041.6,2037.5,search,STAY
5557.2,0.11,MCS12·MIMO·160MHz·0.8us,12,2,160,31.1,0.00,0.000,0.0,2037.5,search,STAY
5557.3,0.12,MCS11·MIMO·160MHz·0.8us,11,2,160,31.1,0.00,1.000,2041.6,2037.5,search,STAY
5557.4,0.11,MCS12·MIMO·160MHz·0.8us,12,2,160,31.1,0.00,0.000,0.0,2037.5,search,STAY
5557.5,0.12,MCS11·MIMO·160MHz·0.8us,11,2,160,31.1,0.00,1.000,2041.6,2037.5,search,STAY
5557.6,0.11,MCS12·MIMO·160MHz·0.8us,12,2,160,31.1,0.00,0.000,0.0,2037.5,search,STAY
5557.7,0.12,MCS11·MIMO·160MHz·0.8us,11,2,160,31.1,0.00,1.000,2041.6,2037.5,search,STAY
5557.9,0.11,MCS12·MIMO·160MHz·0.8us,12,2,160,31.1,0.00,0.000,0.0,2037.5,search,STAY
5558.0,0.12,MCS11·MIMO·160MHz·0.8us,11,2,160,31.1,0.00,1.000,2041.6,2037.5,search,STAY
5558.1,0.11,MCS12·MIMO·160MHz·0.8us,12,2,160,31.0,0.00,0.000,0.0,2037.5,search,STAY
5558.2,0.12,MCS11·MIMO·160MHz·0.8us,11,2,160,31.0,0.00,1.000,2041.6,2037.5,search,STAY
5558.3,0.11,MCS12·MIMO·160MHz·0.8us,12,2,160,31.0,0.00,0.000,0.0,2037.5,search,STAY
5558.4,0.12,MCS11·MIMO·160MHz·0.8us,11,2,160,31.0,0.00,1.000,2041.6,2037.5,search,STAY
5558.5,0.11,MCS12·MIMO·160MHz·0.8us,12,2,160,31.0,0.00,0.000,0.0,2037.5,search,STAY
5558.6,0.12,MCS11·MIMO·160MHz·0.8us,11,2,160,31.0,0.00,1.000,2041.6,2037.5,search,STAY
5558.8,0.11,MCS12·MIMO·160MHz·0.8us,12,2,160,31.0,0.00,0.000,0.0,2037.5,search,STAY
5558.9,0.12,MCS11·MIMO·160MHz·0.8us,11,2,160,31.0,0.00,1.000,2041.6,2037.5,search,STAY
5559.0,0.11,MCS12·MIMO·160MHz·0.8us,12,2,160,31.0,0.00,0.000,0.0,2037.5,search,STAY
5559.1,0.12,MCS11·MIMO·160MHz·0.8us,11,2,160,31.0,0.00,1.000,2041.6,2037.5,search,STAY
5559.2,0.11,MCS12·MIMO·160MHz·0.8us,12,2,160,31.0,0.00,0.000,0.0,2037.5,search,STAY
5559.3,0.12,MCS11·MIMO·160MHz·0.8us,11,2,160,31.0,0.00,1.000,2041.6,2037.5,search,STAY
5559.4,0.11,MCS12·MIMO·160MHz·0.8us,12,2,160,31.0,0.00,0.000,0.0,2037.5,search,STAY
5559.6,0.12,MCS11·MIMO·160MHz·0.8us,11,2,160,31.0,0.00,1.000,2041.6,2037.5,search,STAY
5559.7,0.11,MCS12·MIMO·160MHz·0.8us,12,2,160,31.0,0.00,0.000,0.0,2037.5,search,STAY
5559.8,0.12,MCS11·MIMO·160MHz·0.8us,11,2,160,31.0,0.00,1.000,2041.6,2037.5,search,STAY
5559.9,0.11,MCS12·MIMO·160MHz·0.8us,12,2,160,31.0,0.00,0.000,0.0,2037.5,search,STAY
5560.0,0.12,MCS11·MIMO·160MHz·0.8us,11,2,160,31.0,0.00,1.000,2041.6,2037.5,search,STAY
5560.1,0.11,MCS12·MIMO·160MHz·0.8us,12,2,160,31.0,0.00,0.000,0.0,2037.4,search,STAY
5560.2,0.12,MCS11·MIMO·160MHz·0.8us,11,2,160,31.0,0.00,1.000,2041.6,2037.3,search,STAY
5560.4,0.11,MCS12·MIMO·160MHz·0.8us,12,2,160,31.0,0.00,0.000,0.0,2037.2,search,STAY
5560.5,0.12,MCS11·MIMO·160MHz·0.8us,11,2,160,31.0,0.00,1.000,2041.6,2037.1,search,STAY
5560.6,0.11,MCS12·MIMO·160MHz·0.8us,12,2,160,31.0,0.00,0.000,0.0,2037.0,search,STAY
5560.7,0.12,MCS11·MIMO·160MHz·0.8us,11,2,160,31.0,0.00,1.000,2041.6,2037.0,search,STAY
5560.8,0.11,MCS12·MIMO·160MHz·0.8us,12,2,160,31.0,0.00,0.000,0.0,2036.9,search,STAY
5560.9,0.12,MCS11·MIMO·160MHz·0.8us,11,2,160,31.0,0.00,1.000,2041.6,2036.8,search,STAY
5561.0,0.11,MCS12·MIMO·160MHz·0.8us,12,2,160,31.0,0.00,0.000,0.0,2036.7,search,STAY
5561.1,0.24,MCS11·SISO·160MHz·0.8us,11,1,160,31.0,0.00,1.000,1020.8,2036.6,search,SEARCH
5561.4,0.24,MCS11·MIMO·80MHz·0.8us,11,2,80,31.0,0.00,0.900,918.7,2036.4,search,SEARCH
5561.6,0.14,MCS11·MIMO·160MHz·3.2us,11,2,160,31.0,0.00,1.000,1735.4,2036.2,search,SEARCH
5561.8,13.83,MCS11·MIMO·160MHz·3.2us,11,2,160,31.0,0.00,0.999,1733.6,2036.1,dwell,STAY
5575.6,0.13,MCS12·MIMO·160MHz·3.2us,12,2,160,30.6,0.00,0.000,0.0,2024.8,search,STAY
5575.7,0.14,MCS11·MIMO·160MHz·3.2us,11,2,160,30.6,0.00,1.000,1735.4,2024.7,search,STAY
5575.9,0.13,MCS12·MIMO·160MHz·3.2us,12,2,160,30.6,0.00,0.000,0.0,2024.6,search,STAY
5576.0,0.14,MCS11·MIMO·160MHz·3.2us,11,2,160,30.6,0.00,1.000,1735.4,2024.5,search,STAY
5576.1,0.13,MCS12·MIMO·160MHz·3.2us,12,2,160,30.6,0.00,0.000,0.0,2024.4,search,STAY
5576.2,0.14,MCS11·MIMO·160MHz·3.2us,11,2,160,30.6,0.00,1.000,1735.4,2024.2,search,STAY
5576.4,0.13,MCS12·MIMO·160MHz·3.2us,12,2,160,30.6,0.00,0.000,0.0,2024.1,search,STAY
5576.5,0.14,MCS11·MIMO·160MHz·3.2us,11,2,160,30.6,0.00,1.000,1735.4,2024.0,search,STAY
5576.7,0.13,MCS12·MIMO·160MHz·3.2us,12,2,160,30.6,0.00,0.000,0.0,2023.9,search,STAY
5576.8,0.14,MCS11·MIMO·160MHz·3.2us,11,2,160,30.6,0.00,1.000,1735.4,2023.8,search,STAY
5576.9,0.13,MCS12·MIMO·160MHz·3.2us,12,2,160,30.6,0.00,0.000,0.0,2023.7,search,STAY
5577.0,0.14,MCS11·MIMO·160MHz·3.2us,11,2,160,30.6,0.00,1.000,1735.4,2023.6,search,STAY
5577.2,0.13,MCS12·MIMO·160MHz·3.2us,12,2,160,30.6,0.00,0.000,0.0,2023.5,search,STAY
5577.3,0.14,MCS11·MIMO·160MHz·3.2us,11,2,160,30.6,0.00,1.000,1735.4,2023.4,search,STAY
5577.5,0.13,MCS12·MIMO·160MHz·3.2us,12,2,160,30.6,0.00,0.000,0.0,2023.3,search,STAY
5577.6,0.14,MCS11·MIMO·160MHz·3.2us,11,2,160,30.6,0.00,1.000,1735.4,2023.2,search,STAY
5577.7,0.13,MCS12·MIMO·160MHz·3.2us,12,2,160,30.6,0.00,0.000,0.0,2023.0,search,STAY
5577.9,0.14,MCS11·MIMO·160MHz·3.2us,11,2,160,30.6,0.00,1.000,1735.4,2022.9,search,STAY
5578.0,0.13,MCS12·MIMO·160MHz·3.2us,12,2,160,30.6,0.00,0.000,0.0,2022.8,search,STAY
5578.1,0.14,MCS11·MIMO·160MHz·3.2us,11,2,160,30.5,0.00,1.000,1735.4,2022.7,search,STAY
5578.3,0.13,MCS12·MIMO·160MHz·3.2us,12,2,160,30.5,0.00,0.000,0.0,2022.6,search,STAY
5578.4,0.14,MCS11·MIMO·160MHz·3.2us,11,2,160,30.5,0.00,1.000,1735.4,2022.5,search,STAY
5578.5,0.13,MCS12·MIMO·160MHz·3.2us,12,2,160,30.5,0.00,0.000,0.0,2022.4,search,STAY
5578.7,0.14,MCS11·MIMO·160MHz·3.2us,11,2,160,30.5,0.00,1.000,1735.4,2022.3,search,STAY
5578.8,0.13,MCS12·MIMO·160MHz·3.2us,12,2,160,30.5,0.00,0.000,0.0,2022.2,search,STAY
5578.9,0.14,MCS11·MIMO·160MHz·3.2us,11,2,160,30.5,0.00,1.000,1735.4,2022.1,search,STAY
5579.1,0.13,MCS12·MIMO·160MHz·3.2us,12,2,160,30.5,0.00,0.000,0.0,2022.0,search,STAY
5579.2,0.14,MCS11·MIMO·160MHz·3.2us,11,2,160,30.5,0.00,1.000,1735.4,2021.8,search,STAY
5579.3,0.13,MCS12·MIMO·160MHz·3.2us,12,2,160,30.5,0.00,0.000,0.0,2021.7,search,STAY
5579.5,0.14,MCS11·MIMO·160MHz·3.2us,11,2,160,30.5,0.00,1.000,1735.4,2021.6,search,STAY
5579.6,0.13,MCS12·MIMO·160MHz·3.2us,12,2,160,30.5,0.00,0.000,0.0,2021.5,search,STAY
5579.7,0.14,MCS11·MIMO·160MHz·3.2us,11,2,160,30.5,0.00,1.000,1735.4,2021.4,search,STAY
5579.9,0.13,MCS12·MIMO·160MHz·3.2us,12,2,160,30.5,0.00,0.000,0.0,2021.3,search,STAY
5580.0,0.14,MCS11·MIMO·160MHz·3.2us,11,2,160,30.5,0.00,1.000,1735.4,2021.2,search,STAY
5580.1,0.13,MCS12·MIMO·160MHz·3.2us,12,2,160,30.5,0.00,0.000,0.0,2020.7,search,STAY
5580.3,0.14,MCS11·MIMO·160MHz·3.2us,11,2,160,30.5,0.00,1.000,1735.4,2020.3,search,STAY
5580.4,0.13,MCS12·MIMO·160MHz·3.2us,12,2,160,30.5,0.00,0.000,0.0,2019.8,search,STAY
5580.5,0.14,MCS11·MIMO·160MHz·3.2us,11,2,160,30.5,0.00,1.000,1735.4,2019.3,search,STAY
5580.7,0.13,MCS12·MIMO·160MHz·3.2us,12,2,160,30.5,0.00,0.000,0.0,2018.8,search,STAY
5580.8,0.28,MCS11·SISO·160MHz·3.2us,11,1,160,30.5,0.00,1.000,867.7,2018.4,search,SEARCH
5581.1,0.28,MCS11·MIMO·80MHz·3.2us,11,2,80,30.5,0.00,0.950,824.3,2017.4,search,SEARCH
5581.3,0.12,MCS11·MIMO·160MHz·0.8us,11,2,160,30.5,0.00,1.000,2041.6,2016.4,search,SEARCH
5581.5,11.76,MCS11·MIMO·160MHz·0.8us,11,2,160,30.5,0.00,0.988,2016.1,2016.0,dwell,STAY
5593.2,0.11,MCS12·MIMO·160MHz·0.8us,12,2,160,30.2,0.00,0.000,0.0,1974.0,search,STAY
5593.3,0.12,MCS11·MIMO·160MHz·0.8us,11,2,160,30.2,0.00,0.950,1939.5,1973.6,search,STAY
5593.4,0.11,MCS12·MIMO·160MHz·0.8us,12,2,160,30.2,0.00,0.000,0.0,1973.1,search,STAY
5593.6,0.12,MCS11·MIMO·160MHz·0.8us,11,2,160,30.2,0.00,0.950,1939.5,1972.8,search,STAY
5593.7,0.11,MCS12·MIMO·160MHz·0.8us,12,2,160,30.2,0.00,0.000,0.0,1972.3,search,STAY
5593.8,0.12,MCS11·MIMO·160MHz·0.8us,11,2,160,30.2,0.00,0.950,1939.5,1971.9,search,STAY
5593.9,0.11,MCS12·MIMO·160MHz·0.8us,12,2,160,30.2,0.00,0.000,0.0,1971.5,search,STAY
5594.0,0.12,MCS11·MIMO·160MHz·0.8us,11,2,160,30.1,0.00,0.950,1939.5,1971.1,search,STAY
5594.1,0.11,MCS12·MIMO·160MHz·0.8us,12,2,160,30.1,0.00,0.000,0.0,1970.7,search,STAY
5594.2,0.12,MCS11·MIMO·160MHz·0.8us,11,2,160,30.1,0.00,0.950,1939.5,1970.3,search,STAY
5594.4,0.11,MCS12·MIMO·160MHz·0.8us,12,2,160,30.1,0.00,0.000,0.0,1969.9,search,STAY
5594.5,0.12,MCS11·MIMO·160MHz·0.8us,11,2,160,30.1,0.00,0.950,1939.5,1969.5,search,STAY
5594.6,0.11,MCS12·MIMO·160MHz·0.8us,12,2,160,30.1,0.00,0.000,0.0,1969.1,search,STAY
5594.7,0.12,MCS11·MIMO·160MHz·0.8us,11,2,160,30.1,0.00,0.950,1939.5,1968.7,search,STAY
5594.8,0.11,MCS12·MIMO·160MHz·0.8us,12,2,160,30.1,0.00,0.000,0.0,1968.3,search,STAY
5594.9,0.12,MCS11·MIMO·160MHz·0.8us,11,2,160,30.1,0.00,0.950,1939.5,1967.9,search,STAY
5595.0,0.11,MCS12·MIMO·160MHz·0.8us,12,2,160,30.1,0.00,0.000,0.0,1967.5,search,STAY
5595.1,0.12,MCS11·MIMO·160MHz·0.8us,11,2,160,30.1,0.00,0.950,1939.5,1967.1,search,STAY
5595.3,0.11,MCS12·MIMO·160MHz·0.8us,12,2,160,30.1,0.00,0.000,0.0,1966.7,search,STAY
5595.4,0.12,MCS11·MIMO·160MHz·0.8us,11,2,160,30.1,0.00,0.950,1939.5,1966.3,search,STAY
5595.5,0.11,MCS12·MIMO·160MHz·0.8us,12,2,160,30.1,0.00,0.000,0.0,1965.8,search,STAY
5595.6,0.12,MCS11·MIMO·160MHz·0.8us,11,2,160,30.1,0.00,0.950,1939.5,1965.4,search,STAY
5595.7,0.11,MCS12·MIMO·160MHz·0.8us,12,2,160,30.1,0.00,0.000,0.0,1965.0,search,STAY
5595.8,0.12,MCS11·MIMO·160MHz·0.8us,11,2,160,30.1,0.00,0.950,1939.5,1964.6,search,STAY
5595.9,0.11,MCS12·MIMO·160MHz·0.8us,12,2,160,30.1,0.00,0.000,0.0,1964.2,search,STAY
5596.1,0.12,MCS11·MIMO·160MHz·0.8us,11,2,160,30.1,0.00,0.950,1939.5,1963.8,search,STAY
5596.2,0.11,MCS12·MIMO·160MHz·0.8us,12,2,160,30.1,0.00,0.000,0.0,1963.4,search,STAY
5596.3,0.12,MCS11·MIMO·160MHz·0.8us,11,2,160,30.1,0.00,0.950,1939.5,1963.0,search,STAY
5596.4,0.11,MCS12·MIMO·160MHz·0.8us,12,2,160,30.1,0.00,0.000,0.0,1962.6,search,STAY
5596.5,0.12,MCS11·MIMO·160MHz·0.8us,11,2,160,30.1,0.00,0.950,1939.5,1962.2,search,STAY
5596.6,0.11,MCS12·MIMO·160MHz·0.8us,12,2,160,30.1,0.00,0.000,0.0,1961.8,search,STAY
5596.7,0.12,MCS11·MIMO·160MHz·0.8us,11,2,160,30.1,0.00,0.950,1939.5,1961.4,search,STAY
5596.9,0.11,MCS12·MIMO·160MHz·0.8us,12,2,160,30.1,0.00,0.000,0.0,1961.0,search,STAY
5597.0,0.12,MCS11·MIMO·160MHz·0.8us,11,2,160,30.1,0.00,0.950,1939.5,1960.6,search,STAY
5597.1,0.11,MCS12·MIMO·160MHz·0.8us,12,2,160,30.1,0.00,0.000,0.0,1960.2,search,STAY
5597.2,0.24,MCS11·SISO·160MHz·0.8us,11,1,160,30.1,0.00,1.000,1020.8,1959.8,search,SEARCH
5597.4,0.24,MCS11·MIMO·80MHz·0.8us,11,2,80,30.1,0.00,0.050,51.0,1958.9,search,SEARCH
5597.7,0.14,MCS11·MIMO·160MHz·3.2us,11,2,160,30.1,0.00,1.000,1735.4,1958.1,search,SEARCH
5597.8,13.83,MCS11·MIMO·160MHz·3.2us,11,2,160,30.1,0.00,0.999,1733.6,1957.6,dwell,STAY
5611.6,0.13,MCS12·MIMO·160MHz·3.2us,12,2,160,29.7,0.00,0.000,0.0,1828.3,search,STAY
5611.8,0.14,MCS11·MIMO·160MHz·3.2us,11,2,160,29.7,0.00,1.000,1735.4,1828.3,search,STAY
5611.9,0.13,MCS12·MIMO·160MHz·3.2us,12,2,160,29.7,0.00,0.000,0.0,1828.4,search,STAY
5612.0,0.14,MCS11·MIMO·160MHz·3.2us,11,2,160,29.7,0.00,1.000,1735.4,1828.4,search,STAY
5612.2,0.13,MCS12·MIMO·160MHz·3.2us,12,2,160,29.7,0.00,0.000,0.0,1828.4,search,STAY
5612.3,0.14,MCS11·MIMO·160MHz·3.2us,11,2,160,29.7,0.00,1.000,1735.4,1828.4,search,STAY
5612.4,0.13,MCS12·MIMO·160MHz·3.2us,12,2,160,29.7,0.00,0.000,0.0,1828.5,search,STAY
5612.6,0.14,MCS11·MIMO·160MHz·3.2us,11,2,160,29.7,0.00,1.000,1735.4,1828.5,search,STAY
5612.7,0.13,MCS12·MIMO·160MHz·3.2us,12,2,160,29.7,0.00,0.000,0.0,1828.5,search,STAY
5612.8,0.14,MCS11·MIMO·160MHz·3.2us,11,2,160,29.7,0.00,1.000,1735.4,1828.5,search,STAY
5613.0,0.13,MCS12·MIMO·160MHz·3.2us,12,2,160,29.7,0.00,0.000,0.0,1828.6,search,STAY
5613.1,0.14,MCS11·MIMO·160MHz·3.2us,11,2,160,29.7,0.00,1.000,1735.4,1828.6,search,STAY
5613.2,0.13,MCS12·MIMO·160MHz·3.2us,12,2,160,29.7,0.00,0.000,0.0,1828.6,search,STAY
5613.4,0.14,MCS11·MIMO·160MHz·3.2us,11,2,160,29.7,0.00,1.000,1735.4,1828.6,search,STAY
5613.5,0.13,MCS12·MIMO·160MHz·3.2us,12,2,160,29.7,0.00,0.000,0.0,1828.7,search,STAY
5613.6,0.14,MCS11·MIMO·160MHz·3.2us,11,2,160,29.7,0.00,1.000,1735.4,1828.7,search,STAY
5613.8,0.13,MCS12·MIMO·160MHz·3.2us,12,2,160,29.7,0.00,0.000,0.0,1828.7,search,STAY
5613.9,0.14,MCS11·MIMO·160MHz·3.2us,11,2,160,29.7,0.00,1.000,1735.4,1828.7,search,STAY
5614.0,0.13,MCS12·MIMO·160MHz·3.2us,12,2,160,29.6,0.00,0.000,0.0,1828.8,search,STAY
5614.2,0.14,MCS11·MIMO·160MHz·3.2us,11,2,160,29.6,0.00,1.000,1735.4,1828.8,search,STAY
5614.3,0.13,MCS12·MIMO·160MHz·3.2us,12,2,160,29.6,0.00,0.000,0.0,1828.8,search,STAY
5614.4,0.14,MCS11·MIMO·160MHz·3.2us,11,2,160,29.6,0.00,1.000,1735.4,1828.8,search,STAY
5614.6,0.13,MCS12·MIMO·160MHz·3.2us,12,2,160,29.6,0.00,0.000,0.0,1828.9,search,STAY
5614.7,0.14,MCS11·MIMO·160MHz·3.2us,11,2,160,29.6,0.00,1.000,1735.4,1828.9,search,STAY
5614.8,0.13,MCS12·MIMO·160MHz·3.2us,12,2,160,29.6,0.00,0.000,0.0,1828.9,search,STAY
5615.0,0.14,MCS11·MIMO·160MHz·3.2us,11,2,160,29.6,0.00,1.000,1735.4,1828.9,search,STAY
5615.1,0.13,MCS12·MIMO·160MHz·3.2us,12,2,160,29.6,0.00,0.000,0.0,1829.0,search,STAY
5615.2,0.14,MCS11·MIMO·160MHz·3.2us,11,2,160,29.6,0.00,1.000,1735.4,1829.0,search,STAY
5615.4,0.13,MCS12·MIMO·160MHz·3.2us,12,2,160,29.6,0.00,0.000,0.0,1829.0,search,STAY
5615.5,0.14,MCS11·MIMO·160MHz·3.2us,11,2,160,29.6,0.00,1.000,1735.4,1829.0,search,STAY
5615.6,0.13,MCS12·MIMO·160MHz·3.2us,12,2,160,29.6,0.00,0.000,0.0,1829.1,search,STAY
5615.8,0.14,MCS11·MIMO·160MHz·3.2us,11,2,160,29.6,0.00,1.000,1735.4,1829.1,search,STAY
5615.9,0.13,MCS12·MIMO·160MHz·3.2us,12,2,160,29.6,0.00,0.000,0.0,1829.1,search,STAY
5616.0,0.14,MCS11·MIMO·160MHz·3.2us,11,2,160,29.6,0.00,1.000,1735.4,1829.1,search,STAY
5616.2,0.13,MCS12·MIMO·160MHz·3.2us,12,2,160,29.6,0.00,0.000,0.0,1829.1,search,STAY
5616.3,0.14,MCS11·MIMO·160MHz·3.2us,11,2,160,29.6,0.00,1.000,1735.4,1829.2,search,STAY
5616.4,0.13,MCS12·MIMO·160MHz·3.2us,12,2,160,29.6,0.00,0.000,0.0,1829.2,search,STAY
5616.6,0.14,MCS11·MIMO·160MHz·3.2us,11,2,160,29.6,0.00,1.000,1735.4,1829.2,search,STAY
5616.7,0.13,MCS12·MIMO·160MHz·3.2us,12,2,160,29.6,0.00,0.000,0.0,1829.2,search,STAY
5616.8,0.28,MCS11·SISO·160MHz·3.2us,11,1,160,29.6,0.00,1.000,867.7,1829.3,search,SEARCH
5617.1,0.28,MCS11·MIMO·80MHz·3.2us,11,2,80,29.6,0.00,0.100,86.8,1829.3,search,SEARCH
5617.4,0.12,MCS11·MIMO·160MHz·0.8us,11,2,160,29.6,0.00,0.600,1225.0,1829.4,search,SEARCH
5617.5,11.76,MCS11·MIMO·160MHz·0.8us,11,2,160,29.6,0.00,0.596,1216.8,1829.4,dwell,STAY
5629.3,0.26,MCS10·SISO·160MHz·0.8us,10,1,160,29.3,0.00,1.000,918.6,1831.6,search,SEARCH
5629.5,0.26,MCS10·MIMO·80MHz·0.8us,10,2,80,29.3,0.00,1.000,918.6,1831.6,search,SEARCH
5629.8,0.15,MCS10·MIMO·160MHz·3.2us,10,2,160,29.3,0.00,1.000,1561.6,1831.6,search,SEARCH
5629.9,15.37,MCS10·MIMO·160MHz·3.2us,10,2,160,29.3,0.00,1.000,1561.6,1831.7,dwell,STAY
5645.3,0.14,MCS11·MIMO·160MHz·3.2us,11,2,160,28.9,0.00,0.450,780.9,1828.6,search,STAY
5645.4,0.15,MCS10·MIMO·160MHz·3.2us,10,2,160,28.9,0.00,1.000,1561.6,1828.5,search,STAY
5645.6,0.14,MCS11·MIMO·160MHz·3.2us,11,2,160,28.9,0.00,0.400,694.1,1828.4,search,STAY
5645.7,0.15,MCS10·MIMO·160MHz·3.2us,10,2,160,28.9,0.00,1.000,1561.6,1828.3,search,STAY
5645.9,0.14,MCS11·MIMO·160MHz·3.2us,11,2,160,28.9,0.00,0.400,694.1,1828.1,search,STAY
5646.0,0.15,MCS10·MIMO·160MHz·3.2us,10,2,160,28.8,0.00,1.000,1561.6,1828.0,search,STAY
5646.2,0.14,MCS11·MIMO·160MHz·3.2us,11,2,160,28.8,0.00,0.400,694.1,1827.8,search,STAY
5646.3,0.15,MCS10·MIMO·160MHz·3.2us,10,2,160,28.8,0.00,1.000,1561.6,1827.7,search,STAY
5646.5,0.14,MCS11·MIMO·160MHz·3.2us,11,2,160,28.8,0.00,0.400,694.1,1827.6,search,STAY
5646.6,0.15,MCS10·MIMO·160MHz·3.2us,10,2,160,28.8,0.00,1.000,1561.6,1827.4,search,STAY
5646.8,0.14,MCS11·MIMO·160MHz·3.2us,11,2,160,28.8,0.00,0.400,694.1,1827.3,search,STAY
5646.9,0.15,MCS10·MIMO·160MHz·3.2us,10,2,160,28.8,0.00,1.000,1561.6,1827.2,search,STAY
5647.1,0.14,MCS11·MIMO·160MHz·3.2us,11,2,160,28.8,0.00,0.400,694.1,1827.0,search,STAY
5647.2,0.15,MCS10·MIMO·160MHz·3.2us,10,2,160,28.8,0.00,1.000,1561.6,1826.9,search,STAY
5647.4,0.14,MCS11·MIMO·160MHz·3.2us,11,2,160,28.8,0.00,0.350,607.4,1826.8,search,STAY
5647.5,0.15,MCS10·MIMO·160MHz·3.2us,10,2,160,28.8,0.00,1.000,1561.6,1826.6,search,STAY
5647.6,0.14,MCS11·MIMO·160MHz·3.2us,11,2,160,28.8,0.00,0.350,607.4,1826.5,search,STAY
5647.8,0.15,MCS10·MIMO·160MHz·3.2us,10,2,160,28.8,0.00,1.000,1561.6,1826.4,search,STAY
5647.9,0.14,MCS11·MIMO·160MHz·3.2us,11,2,160,28.8,0.00,0.350,607.4,1826.2,search,STAY
5648.1,0.15,MCS10·MIMO·160MHz·3.2us,10,2,160,28.8,0.00,1.000,1561.6,1826.1,search,STAY
5648.2,0.14,MCS11·MIMO·160MHz·3.2us,11,2,160,28.8,0.00,0.350,607.4,1826.0,search,STAY
5648.4,0.15,MCS10·MIMO·160MHz·3.2us,10,2,160,28.8,0.00,1.000,1561.6,1825.8,search,STAY
5648.5,0.14,MCS11·MIMO·160MHz·3.2us,11,2,160,28.8,0.00,0.350,607.4,1825.7,search,STAY
5648.7,0.15,MCS10·MIMO·160MHz·3.2us,10,2,160,28.8,0.00,1.000,1561.6,1825.6,search,STAY
5648.8,0.14,MCS11·MIMO·160MHz·3.2us,11,2,160,28.8,0.00,0.350,607.4,1825.4,search,STAY
5649.0,0.15,MCS10·MIMO·160MHz·3.2us,10,2,160,28.8,0.00,1.000,1561.6,1825.3,search,STAY
5649.1,0.14,MCS11·MIMO·160MHz·3.2us,11,2,160,28.8,0.00,0.300,520.6,1825.2,search,STAY
5649.2,0.15,MCS10·MIMO·160MHz·3.2us,10,2,160,28.8,0.00,1.000,1561.6,1825.0,search,STAY
5649.4,0.14,MCS11·MIMO·160MHz·3.2us,11,2,160,28.8,0.00,0.300,520.6,1824.9,search,STAY
5649.5,0.15,MCS10·MIMO·160MHz·3.2us,10,2,160,28.8,0.00,1.000,1561.6,1824.8,search,STAY
5649.7,0.14,MCS11·MIMO·160MHz·3.2us,11,2,160,28.8,0.00,0.300,520.6,1824.6,search,STAY
5649.8,0.15,MCS10·MIMO·160MHz·3.2us,10,2,160,28.8,0.00,1.000,1561.6,1824.5,search,STAY
5650.0,0.14,MCS11·MIMO·160MHz·3.2us,11,2,160,28.8,0.00,0.300,520.6,1824.4,search,STAY
5650.1,0.15,MCS10·MIMO·160MHz·3.2us,10,2,160,28.7,0.00,1.000,1561.6,1824.2,search,STAY
5650.3,0.14,MCS11·MIMO·160MHz·3.2us,11,2,160,28.7,0.00,0.300,520.6,1824.1,search,STAY
5650.4,0.15,MCS10·MIMO·160MHz·3.2us,10,2,160,28.7,0.00,1.000,1561.6,1824.0,search,STAY
5650.6,0.14,MCS11·MIMO·160MHz·3.2us,11,2,160,28.7,0.00,0.300,520.6,1823.8,search,STAY
5650.7,0.15,MCS10·MIMO·160MHz·3.2us,10,2,160,28.7,0.00,1.000,1561.6,1823.7,search,STAY
5650.9,0.14,MCS11·MIMO·160MHz·3.2us,11,2,160,28.7,0.00,0.250,433.8,1823.6,search,STAY
5651.0,0.15,MCS10·MIMO·160MHz·3.2us,10,2,160,28.7,0.00,1.000,1561.6,1823.4,search,STAY
5651.1,0.14,MCS11·MIMO·160MHz·3.2us,11,2,160,28.7,0.00,0.250,433.8,1823.3,search,STAY
5651.3,0.15,MCS10·MIMO·160MHz·3.2us,10,2,160,28.7,0.00,1.000,1561.6,1823.2,search,STAY
5651.4,0.14,MCS11·MIMO·160MHz·3.2us,11,2,160,28.7,0.00,0.250,433.8,1823.0,search,STAY
5651.6,0.15,MCS10·MIMO·160MHz·3.2us,10,2,160,28.7,0.00,1.000,1561.6,1822.9,search,STAY
5651.7,0.14,MCS11·MIMO·160MHz·3.2us,11,2,160,28.7,0.00,0.250,433.8,1822.7,search,STAY
5651.9,0.15,MCS10·MIMO·160MHz·3.2us,10,2,160,28.7,0.00,1.000,1561.6,1822.6,search,STAY
5652.0,0.14,MCS11·MIMO·160MHz·3.2us,11,2,160,28.7,0.00,0.250,433.8,1822.5,search,STAY
5652.2,0.15,MCS10·MIMO·160MHz·3.2us,10,2,160,28.7,0.00,1.000,1561.6,1822.4,search,STAY
5652.3,0.14,MCS11·MIMO·160MHz·3.2us,11,2,160,28.7,0.00,0.250,433.8,1822.2,search,STAY
5652.5,0.15,MCS10·MIMO·160MHz·3.2us,10,2,160,28.7,0.00,1.000,1561.6,1822.1,search,STAY
5652.6,0.14,MCS11·MIMO·160MHz·3.2us,11,2,160,28.7,0.00,0.200,347.1,1821.9,search,STAY
5652.7,0.15,MCS10·MIMO·160MHz·3.2us,10,2,160,28.7,0.00,1.000,1561.6,1821.8,search,STAY
5652.9,0.14,MCS11·MIMO·160MHz·3.2us,11,2,160,28.7,0.00,0.200,347.1,1821.7,search,STAY
5653.0,0.15,MCS10·MIMO·160MHz·3.2us,10,2,160,28.7,0.00,1.000,1561.6,1821.5,search,STAY
5653.2,0.14,MCS11·MIMO·160MHz·3.2us,11,2,160,28.7,0.00,0.200,347.1,1821.4,search,STAY
5653.3,0.15,MCS10·MIMO·160MHz·3.2us,10,2,160,28.7,0.00,1.000,1561.6,1821.3,search,STAY
5653.5,0.14,MCS11·MIMO·160MHz·3.2us,11,2,160,28.7,0.00,0.200,347.1,1821.1,search,STAY
5653.6,0.15,MCS10·MIMO·160MHz·3.2us,10,2,160,28.7,0.00,1.000,1561.6,1821.0,search,STAY
5653.8,0.14,MCS11·MIMO·160MHz·3.2us,11,2,160,28.7,0.00,0.200,347.1,1820.9,search,STAY
5653.9,0.31,MCS10·SISO·160MHz·3.2us,10,1,160,28.7,0.00,1.000,780.8,1820.7,search,SEARCH
5654.2,0.31,MCS10·MIMO·80MHz·3.2us,10,2,80,28.6,0.00,1.000,780.8,1820.5,search,SEARCH
5654.5,0.13,MCS10·MIMO·160MHz·0.8us,10,2,160,28.6,0.00,1.000,1837.2,1820.2,search,SEARCH
5654.7,13.06,MCS10·MIMO·160MHz·0.8us,10,2,160,28.6,0.00,0.991,1819.7,1820.1,dwell,STAY
5667.7,0.12,MCS11·MIMO·160MHz·0.8us,11,2,160,28.3,0.00,0.000,0.0,1802.4,search,STAY
5667.8,0.13,MCS10·MIMO·160MHz·0.8us,10,2,160,28.3,0.00,1.000,1837.2,1802.2,search,STAY
5668.0,0.12,MCS11·MIMO·160MHz·0.8us,11,2,160,28.3,0.00,0.000,0.0,1802.0,search,STAY
5668.1,0.13,MCS10·MIMO·160MHz·0.8us,10,2,160,28.3,0.00,1.000,1837.2,1801.8,search,STAY
5668.2,0.12,MCS11·MIMO·160MHz·0.8us,11,2,160,28.3,0.00,0.000,0.0,1801.6,search,STAY
5668.3,0.13,MCS10·MIMO·160MHz·0.8us,10,2,160,28.3,0.00,1.000,1837.2,1801.4,search,STAY
5668.5,0.12,MCS11·MIMO·160MHz·0.8us,11,2,160,28.3,0.00,0.000,0.0,1801.2,search,STAY
5668.6,0.13,MCS10·MIMO·160MHz·0.8us,10,2,160,28.3,0.00,1.000,1837.2,1801.0,search,STAY
5668.7,0.12,MCS11·MIMO·160MHz·0.8us,11,2,160,28.3,0.00,0.000,0.0,1800.7,search,STAY
5668.8,0.13,MCS10·MIMO·160MHz·0.8us,10,2,160,28.3,0.00,1.000,1837.2,1800.5,search,STAY
5669.0,0.12,MCS11·MIMO·160MHz·0.8us,11,2,160,28.3,0.00,0.000,0.0,1800.3,search,STAY
5669.1,0.13,MCS10·MIMO·160MHz·0.8us,10,2,160,28.3,0.00,1.000,1837.2,1800.1,search,STAY
5669.2,0.12,MCS11·MIMO·160MHz·0.8us,11,2,160,28.3,0.00,0.000,0.0,1799.9,search,STAY
5669.3,0.13,MCS10·MIMO·160MHz·0.8us,10,2,160,28.3,0.00,1.000,1837.2,1799.7,search,STAY
5669.5,0.12,MCS11·MIMO·160MHz·0.8us,11,2,160,28.3,0.00,0.000,0.0,1799.5,search,STAY
5669.6,0.13,MCS10·MIMO·160MHz·0.8us,10,2,160,28.3,0.00,1.000,1837.2,1799.3,search,STAY
5669.7,0.12,MCS11·MIMO·160MHz·0.8us,11,2,160,28.3,0.00,0.000,0.0,1799.1,search,STAY
5669.8,0.13,MCS10·MIMO·160MHz·0.8us,10,2,160,28.3,0.00,1.000,1837.2,1798.9,search,STAY
5670.0,0.12,MCS11·MIMO·160MHz·0.8us,11,2,160,28.3,0.00,0.000,0.0,1798.7,search,STAY
5670.1,0.13,MCS10·MIMO·160MHz·0.8us,10,2,160,28.2,0.00,1.000,1837.2,1798.5,search,STAY
5670.2,0.12,MCS11·MIMO·160MHz·0.8us,11,2,160,28.2,0.00,0.000,0.0,1798.3,search,STAY
5670.3,0.13,MCS10·MIMO·160MHz·0.8us,10,2,160,28.2,0.00,1.000,1837.2,1798.1,search,STAY
5670.5,0.12,MCS11·MIMO·160MHz·0.8us,11,2,160,28.2,0.00,0.000,0.0,1797.9,search,STAY
5670.6,0.13,MCS10·MIMO·160MHz·0.8us,10,2,160,28.2,0.00,1.000,1837.2,1797.7,search,STAY
5670.7,0.12,MCS11·MIMO·160MHz·0.8us,11,2,160,28.2,0.00,0.000,0.0,1797.5,search,STAY
5670.8,0.13,MCS10·MIMO·160MHz·0.8us,10,2,160,28.2,0.00,1.000,1837.2,1797.3,search,STAY
5671.0,0.12,MCS11·MIMO·160MHz·0.8us,11,2,160,28.2,0.00,0.000,0.0,1797.0,search,STAY
5671.1,0.13,MCS10·MIMO·160MHz·0.8us,10,2,160,28.2,0.00,1.000,1837.2,1796.9,search,STAY
5671.2,0.12,MCS11·MIMO·160MHz·0.8us,11,2,160,28.2,0.00,0.000,0.0,1796.6,search,STAY
5671.3,0.13,MCS10·MIMO·160MHz·0.8us,10,2,160,28.2,0.00,1.000,1837.2,1796.4,search,STAY
5671.4,0.12,MCS11·MIMO·160MHz·0.8us,11,2,160,28.2,0.00,0.000,0.0,1796.2,search,STAY
5671.6,0.13,MCS10·MIMO·160MHz·0.8us,10,2,160,28.2,0.00,1.000,1837.2,1796.0,search,STAY
5671.7,0.12,MCS11·MIMO·160MHz·0.8us,11,2,160,28.2,0.00,0.000,0.0,1795.8,search,STAY
5671.8,0.13,MCS10·MIMO·160MHz·0.8us,10,2,160,28.2,0.00,1.000,1837.2,1795.6,search,STAY
5671.9,0.12,MCS11·MIMO·160MHz·0.8us,11,2,160,28.2,0.00,0.000,0.0,1795.4,search,STAY
5672.1,0.13,MCS10·MIMO·160MHz·0.8us,10,2,160,28.2,0.00,1.000,1837.2,1795.2,search,STAY
5672.2,0.12,MCS11·MIMO·160MHz·0.8us,11,2,160,28.2,0.00,0.000,0.0,1795.0,search,STAY
5672.3,0.13,MCS10·MIMO·160MHz·0.8us,10,2,160,28.2,0.00,1.000,1837.2,1794.8,search,STAY
5672.4,0.12,MCS11·MIMO·160MHz·0.8us,11,2,160,28.2,0.00,0.000,0.0,1794.6,search,STAY
5672.6,0.26,MCS10·SISO·160MHz·0.8us,10,1,160,28.2,0.00,1.000,918.6,1794.4,search,SEARCH
5672.8,0.26,MCS10·MIMO·80MHz·0.8us,10,2,80,28.2,0.00,0.500,459.3,1794.0,search,SEARCH
5673.1,0.15,MCS10·MIMO·160MHz·3.2us,10,2,160,28.2,0.00,1.000,1561.6,1793.5,search,SEARCH
5673.2,15.37,MCS10·MIMO·160MHz·3.2us,10,2,160,28.2,0.00,0.997,1556.2,1793.3,dwell,STAY
5688.6,0.14,MCS11·MIMO·160MHz·3.2us,11,2,160,27.8,0.00,0.000,0.0,1633.2,search,STAY
5688.7,0.15,MCS10·MIMO·160MHz·3.2us,10,2,160,27.8,0.00,1.000,1561.6,1633.2,search,STAY
5688.9,0.14,MCS11·MIMO·160MHz·3.2us,11,2,160,27.8,0.00,0.000,0.0,1633.2,search,STAY
5689.0,0.15,MCS10·MIMO·160MHz·3.2us,10,2,160,27.8,0.00,1.000,1561.6,1633.2,search,STAY
5689.2,0.14,MCS11·MIMO·160MHz·3.2us,11,2,160,27.8,0.00,0.000,0.0,1633.2,search,STAY
5689.3,0.15,MCS10·MIMO·160MHz·3.2us,10,2,160,27.8,0.00,1.000,1561.6,1633.2,search,STAY
5689.5,0.14,MCS11·MIMO·160MHz·3.2us,11,2,160,27.8,0.00,0.000,0.0,1633.2,search,STAY
5689.6,0.15,MCS10·MIMO·160MHz·3.2us,10,2,160,27.8,0.00,1.000,1561.6,1633.2,search,STAY
5689.8,0.14,MCS11·MIMO·160MHz·3.2us,11,2,160,27.8,0.00,0.000,0.0,1633.2,search,STAY
5689.9,0.15,MCS10·MIMO·160MHz·3.2us,10,2,160,27.8,0.00,1.000,1561.6,1633.2,search,STAY
5690.1,0.14,MCS11·MIMO·160MHz·3.2us,11,2,160,27.7,0.00,0.000,0.0,1633.2,search,STAY
5690.2,0.15,MCS10·MIMO·160MHz·3.2us,10,2,160,27.7,0.00,1.000,1561.6,1633.2,search,STAY
5690.4,0.14,MCS11·MIMO·160MHz·3.2us,11,2,160,27.7,0.00,0.000,0.0,1633.2,search,STAY
5690.5,0.15,MCS10·MIMO·160MHz·3.2us,10,2,160,27.7,0.00,1.000,1561.6,1633.2,search,STAY
5690.6,0.14,MCS11·MIMO·160MHz·3.2us,11,2,160,27.7,0.00,0.000,0.0,1633.2,search,STAY
5690.8,0.15,MCS10·MIMO·160MHz·3.2us,10,2,160,27.7,0.00,1.000,1561.6,1633.2,search,STAY
5690.9,0.14,MCS11·MIMO·160MHz·3.2us,11,2,160,27.7,0.00,0.000,0.0,1633.2,search,STAY
5691.1,0.15,MCS10·MIMO·160MHz·3.2us,10,2,160,27.7,0.00,1.000,1561.6,1633.2,search,STAY
5691.2,0.14,MCS11·MIMO·160MHz·3.2us,11,2,160,27.7,0.00,0.000,0.0,1633.2,search,STAY
5691.4,0.15,MCS10·MIMO·160MHz·3.2us,10,2,160,27.7,0.00,1.000,1561.6,1633.2,search,STAY
5691.5,0.14,MCS11·MIMO·160MHz·3.2us,11,2,160,27.7,0.00,0.000,0.0,1633.2,search,STAY
5691.7,0.15,MCS10·MIMO·160MHz·3.2us,10,2,160,27.7,0.00,1.000,1561.6,1633.2,search,STAY
5691.8,0.14,MCS11·MIMO·160MHz·3.2us,11,2,160,27.7,0.00,0.000,0.0,1633.2,search,STAY
5692.0,0.15,MCS10·MIMO·160MHz·3.2us,10,2,160,27.7,0.00,1.000,1561.6,1633.2,search,STAY
5692.1,0.14,MCS11·MIMO·160MHz·3.2us,11,2,160,27.7,0.00,0.000,0.0,1633.2,search,STAY
5692.2,0.15,MCS10·MIMO·160MHz·3.2us,10,2,160,27.7,0.00,1.000,1561.6,1633.2,search,STAY
5692.4,0.14,MCS11·MIMO·160MHz·3.2us,11,2,160,27.7,0.00,0.000,0.0,1633.2,search,STAY
5692.5,0.15,MCS10·MIMO·160MHz·3.2us,10,2,160,27.7,0.00,1.000,1561.6,1633.2,search,STAY
5692.7,0.14,MCS11·MIMO·160MHz·3.2us,11,2,160,27.7,0.00,0.000,0.0,1633.2,search,STAY
5692.8,0.15,MCS10·MIMO·160MHz·3.2us,10,2,160,27.7,0.00,1.000,1561.6,1633.2,search,STAY
5693.0,0.14,MCS11·MIMO·160MHz·3.2us,11,2,160,27.7,0.00,0.000,0.0,1633.2,search,STAY
5693.1,0.15,MCS10·MIMO·160MHz·3.2us,10,2,160,27.7,0.00,1.000,1561.6,1633.2,search,STAY
5693.3,0.14,MCS11·MIMO·160MHz·3.2us,11,2,160,27.7,0.00,0.000,0.0,1633.2,search,STAY
5693.4,0.15,MCS10·MIMO·160MHz·3.2us,10,2,160,27.7,0.00,1.000,1561.6,1633.2,search,STAY
5693.6,0.14,MCS11·MIMO·160MHz·3.2us,11,2,160,27.7,0.00,0.000,0.0,1633.2,search,STAY
5693.7,0.15,MCS10·MIMO·160MHz·3.2us,10,2,160,27.7,0.00,1.000,1561.6,1633.2,search,STAY
5693.9,0.14,MCS11·MIMO·160MHz·3.2us,11,2,160,27.7,0.00,0.000,0.0,1633.2,search,STAY
5694.0,0.15,MCS10·MIMO·160MHz·3.2us,10,2,160,27.7,0.00,1.000,1561.6,1633.2,search,STAY
5694.1,0.14,MCS11·MIMO·160MHz·3.2us,11,2,160,27.6,0.00,0.000,0.0,1633.2,search,STAY
5694.3,0.31,MCS10·SISO·160MHz·3.2us,10,1,160,27.6,0.00,1.000,780.8,1633.2,search,SEARCH
5694.6,0.31,MCS10·MIMO·80MHz·3.2us,10,2,80,27.6,0.00,0.550,429.4,1633.2,search,SEARCH
5694.9,0.13,MCS10·MIMO·160MHz·0.8us,10,2,160,27.6,0.00,0.800,1469.8,1633.2,search,SEARCH
5695.0,13.06,MCS10·MIMO·160MHz·0.8us,10,2,160,27.6,0.00,0.820,1505.6,1633.2,dwell,STAY
5708.1,0.15,MCS9·MIMO·160MHz·0.8us,9,2,160,27.3,0.00,1.000,1633.2,1631.9,search,STAY
5708.2,0.13,MCS10·MIMO·160MHz·0.8us,10,2,160,27.3,0.00,0.650,1194.2,1631.9,search,STAY
5708.4,0.15,MCS9·MIMO·160MHz·0.8us,9,2,160,27.3,0.00,1.000,1633.2,1631.8,search,STAY
5708.5,0.13,MCS10·MIMO·160MHz·0.8us,10,2,160,27.3,0.00,0.600,1102.3,1631.8,search,STAY
5708.7,0.15,MCS9·MIMO·160MHz·0.8us,9,2,160,27.3,0.00,1.000,1633.2,1631.8,search,STAY
5708.8,0.13,MCS10·MIMO·160MHz·0.8us,10,2,160,27.3,0.00,0.600,1102.3,1631.8,search,STAY
5708.9,0.15,MCS9·MIMO·160MHz·0.8us,9,2,160,27.3,0.00,1.000,1633.2,1631.7,search,STAY
5709.1,0.13,MCS10·MIMO·160MHz·0.8us,10,2,160,27.3,0.00,0.600,1102.3,1631.7,search,STAY
5709.2,0.15,MCS9·MIMO·160MHz·0.8us,9,2,160,27.3,0.00,1.000,1633.2,1631.7,search,STAY
5709.4,0.13,MCS10·MIMO·160MHz·0.8us,10,2,160,27.3,0.00,0.600,1102.3,1631.7,search,STAY
5709.5,0.15,MCS9·MIMO·160MHz·0.8us,9,2,160,27.3,0.00,1.000,1633.2,1631.7,search,STAY
5709.6,0.13,MCS10·MIMO·160MHz·0.8us,10,2,160,27.3,0.00,0.600,1102.3,1631.6,search,STAY
5709.8,0.29,MCS9·SISO·160MHz·0.8us,9,1,160,27.3,0.00,1.000,816.6,1631.6,search,SEARCH
5710.1,0.29,MCS9·MIMO·80MHz·0.8us,9,2,80,27.2,0.00,1.000,816.6,1631.6,search,SEARCH
5710.3,0.17,MCS9·MIMO·160MHz·3.2us,9,2,160,27.2,0.00,1.000,1388.2,1631.5,search,SEARCH
5710.5,17.29,MCS9·MIMO·160MHz·3.2us,9,2,160,27.2,0.00,1.000,1388.2,1631.5,dwell,STAY
5727.8,0.15,MCS10·MIMO·160MHz·3.2us,10,2,160,26.8,0.00,0.800,1249.3,1628.7,search,STAY
5728.0,15.37,MCS10·MIMO·160MHz·3.2us,10,2,160,26.8,0.00,0.786,1228.2,1628.6,dwell,STAY
5743.3,0.35,MCS9·SISO·160MHz·3.2us,9,1,160,26.4,0.00,1.000,694.1,1627.8,search,SEARCH
5743.7,0.35,MCS9·MIMO·80MHz·3.2us,9,2,80,26.4,0.00,1.000,694.1,1627.9,search,SEARCH
5744.0,0.15,MCS9·MIMO·160MHz·0.8us,9,2,160,26.4,0.00,1.000,1633.2,1628.0,search,SEARCH
5744.2,14.70,MCS9·MIMO·160MHz·0.8us,9,2,160,26.4,0.00,0.997,1628.3,1628.0,dwell,STAY
5758.9,0.13,MCS10·MIMO·160MHz·0.8us,10,2,160,26.0,0.00,0.000,0.0,1632.8,search,STAY
5759.0,0.15,MCS9·MIMO·160MHz·0.8us,9,2,160,26.0,0.00,1.000,1633.2,1632.9,search,STAY
5759.1,0.13,MCS10·MIMO·160MHz·0.8us,10,2,160,26.0,0.00,0.000,0.0,1632.9,search,STAY
5759.3,0.15,MCS9·MIMO·160MHz·0.8us,9,2,160,26.0,0.00,1.000,1633.2,1633.0,search,STAY
5759.4,0.13,MCS10·MIMO·160MHz·0.8us,10,2,160,26.0,0.00,0.000,0.0,1633.0,search,STAY
5759.6,0.15,MCS9·MIMO·160MHz·0.8us,9,2,160,26.0,0.00,1.000,1633.2,1633.1,search,STAY
5759.7,0.13,MCS10·MIMO·160MHz·0.8us,10,2,160,26.0,0.00,0.000,0.0,1633.1,search,STAY
5759.8,0.15,MCS9·MIMO·160MHz·0.8us,9,2,160,26.0,0.00,1.000,1633.2,1633.1,search,STAY
5760.0,0.13,MCS10·MIMO·160MHz·0.8us,10,2,160,26.0,0.00,0.000,0.0,1633.2,search,STAY
5760.1,0.15,MCS9·MIMO·160MHz·0.8us,9,2,160,26.0,0.00,1.000,1633.2,1633.2,search,STAY
5760.3,0.13,MCS10·MIMO·160MHz·0.8us,10,2,160,26.0,0.00,0.000,0.0,1633.1,search,STAY
5760.4,0.15,MCS9·MIMO·160MHz·0.8us,9,2,160,26.0,0.00,1.000,1633.2,1633.1,search,STAY
5760.5,0.13,MCS10·MIMO·160MHz·0.8us,10,2,160,26.0,0.00,0.000,0.0,1633.0,search,STAY
5760.7,0.15,MCS9·MIMO·160MHz·0.8us,9,2,160,26.0,0.00,1.000,1633.2,1633.0,search,STAY
5760.8,0.13,MCS10·MIMO·160MHz·0.8us,10,2,160,26.0,0.00,0.000,0.0,1632.9,search,STAY
5760.9,0.15,MCS9·MIMO·160MHz·0.8us,9,2,160,26.0,0.00,1.000,1633.2,1632.9,search,STAY
5761.1,0.13,MCS10·MIMO·160MHz·0.8us,10,2,160,26.0,0.00,0.000,0.0,1632.8,search,STAY
5761.2,0.15,MCS9·MIMO·160MHz·0.8us,9,2,160,26.0,0.00,1.000,1633.2,1632.8,search,STAY
5761.4,0.13,MCS10·MIMO·160MHz·0.8us,10,2,160,26.0,0.00,0.000,0.0,1632.8,search,STAY
5761.5,0.15,MCS9·MIMO·160MHz·0.8us,9,2,160,26.0,0.00,1.000,1633.2,1632.7,search,STAY
5761.6,0.13,MCS10·MIMO·160MHz·0.8us,10,2,160,26.0,0.00,0.000,0.0,1632.7,search,STAY
5761.8,0.15,MCS9·MIMO·160MHz·0.8us,9,2,160,26.0,0.00,1.000,1633.2,1632.6,search,STAY
5761.9,0.13,MCS10·MIMO·160MHz·0.8us,10,2,160,26.0,0.00,0.000,0.0,1632.6,search,STAY
5762.1,0.15,MCS9·MIMO·160MHz·0.8us,9,2,160,25.9,0.00,1.000,1633.2,1632.5,search,STAY
5762.2,0.13,MCS10·MIMO·160MHz·0.8us,10,2,160,25.9,0.00,0.000,0.0,1632.5,search,STAY
5762.3,0.15,MCS9·MIMO·160MHz·0.8us,9,2,160,25.9,0.00,1.000,1633.2,1632.4,search,STAY
5762.5,0.13,MCS10·MIMO·160MHz·0.8us,10,2,160,25.9,0.00,0.000,0.0,1632.4,search,STAY
5762.6,0.15,MCS9·MIMO·160MHz·0.8us,9,2,160,25.9,0.00,1.000,1633.2,1632.3,search,STAY
5762.8,0.13,MCS10·MIMO·160MHz·0.8us,10,2,160,25.9,0.00,0.000,0.0,1632.3,search,STAY
5762.9,0.15,MCS9·MIMO·160MHz·0.8us,9,2,160,25.9,0.00,1.000,1633.2,1632.3,search,STAY
5763.0,0.13,MCS10·MIMO·160MHz·0.8us,10,2,160,25.9,0.00,0.000,0.0,1632.2,search,STAY
5763.2,0.15,MCS9·MIMO·160MHz·0.8us,9,2,160,25.9,0.00,1.000,1633.2,1632.2,search,STAY
5763.3,0.13,MCS10·MIMO·160MHz·0.8us,10,2,160,25.9,0.00,0.000,0.0,1632.1,search,STAY
5763.4,0.15,MCS9·MIMO·160MHz·0.8us,9,2,160,25.9,0.00,1.000,1633.2,1632.1,search,STAY
5763.6,0.13,MCS10·MIMO·160MHz·0.8us,10,2,160,25.9,0.00,0.000,0.0,1632.0,search,STAY
5763.7,0.15,MCS9·MIMO·160MHz·0.8us,9,2,160,25.9,0.00,1.000,1633.2,1632.0,search,STAY
5763.9,0.13,MCS10·MIMO·160MHz·0.8us,10,2,160,25.9,0.00,0.000,0.0,1631.9,search,STAY
5764.0,0.15,MCS9·MIMO·160MHz·0.8us,9,2,160,25.9,0.00,1.000,1633.2,1631.9,search,STAY
5764.1,0.13,MCS10·MIMO·160MHz·0.8us,10,2,160,25.9,0.00,0.000,0.0,1631.8,search,STAY
5764.3,0.29,MCS9·SISO·160MHz·0.8us,9,1,160,25.9,0.00,1.000,816.6,1631.8,search,SEARCH
5764.6,0.29,MCS9·MIMO·80MHz·0.8us,9,2,80,25.9,0.00,1.000,816.6,1631.7,search,SEARCH
5764.9,0.17,MCS9·MIMO·160MHz·3.2us,9,2,160,25.9,0.00,1.000,1388.2,1631.6,search,SEARCH
5765.0,17.29,MCS9·MIMO·160MHz·3.2us,9,2,160,25.9,0.00,0.998,1385.4,1631.6,dwell,STAY
5782.3,0.15,MCS10·MIMO·160MHz·3.2us,10,2,160,25.4,0.00,0.000,0.0,1626.7,search,STAY
5782.5,0.17,MCS9·MIMO·160MHz·3.2us,9,2,160,25.4,0.00,1.000,1388.2,1626.7,search,STAY
5782.6,0.15,MCS10·MIMO·160MHz·3.2us,10,2,160,25.4,0.00,0.000,0.0,1626.7,search,STAY
5782.8,0.17,MCS9·MIMO·160MHz·3.2us,9,2,160,25.4,0.00,1.000,1388.2,1626.7,search,STAY
5783.0,0.15,MCS10·MIMO·160MHz·3.2us,10,2,160,25.4,0.00,0.000,0.0,1626.7,search,STAY
5783.1,0.17,MCS9·MIMO·160MHz·3.2us,9,2,160,25.4,0.00,1.000,1388.2,1626.7,search,STAY
5783.3,0.15,MCS10·MIMO·160MHz·3.2us,10,2,160,25.4,0.00,0.000,0.0,1626.7,search,STAY
5783.5,0.17,MCS9·MIMO·160MHz·3.2us,9,2,160,25.4,0.00,1.000,1388.2,1626.7,search,STAY
5783.6,0.15,MCS10·MIMO·160MHz·3.2us,10,2,160,25.4,0.00,0.000,0.0,1626.7,search,STAY
5783.8,0.17,MCS9·MIMO·160MHz·3.2us,9,2,160,25.4,0.00,1.000,1388.2,1626.7,search,STAY
5784.0,0.15,MCS10·MIMO·160MHz·3.2us,10,2,160,25.4,0.00,0.000,0.0,1626.7,search,STAY
5784.1,0.17,MCS9·MIMO·160MHz·3.2us,9,2,160,25.4,0.00,1.000,1388.2,1626.7,search,STAY
5784.3,0.15,MCS10·MIMO·160MHz·3.2us,10,2,160,25.4,0.00,0.000,0.0,1626.7,search,STAY
5784.4,0.17,MCS9·MIMO·160MHz·3.2us,9,2,160,25.4,0.00,1.000,1388.2,1626.7,search,STAY
5784.6,0.15,MCS10·MIMO·160MHz·3.2us,10,2,160,25.4,0.00,0.000,0.0,1626.7,search,STAY
5784.8,0.17,MCS9·MIMO·160MHz·3.2us,9,2,160,25.4,0.00,1.000,1388.2,1626.7,search,STAY
5784.9,0.15,MCS10·MIMO·160MHz·3.2us,10,2,160,25.4,0.00,0.000,0.0,1626.7,search,STAY
5785.1,0.17,MCS9·MIMO·160MHz·3.2us,9,2,160,25.4,0.00,1.000,1388.2,1626.7,search,STAY
5785.3,0.15,MCS10·MIMO·160MHz·3.2us,10,2,160,25.4,0.00,0.000,0.0,1626.7,search,STAY
5785.4,0.17,MCS9·MIMO·160MHz·3.2us,9,2,160,25.4,0.00,1.000,1388.2,1626.7,search,STAY
5785.6,0.15,MCS10·MIMO·160MHz·3.2us,10,2,160,25.4,0.00,0.000,0.0,1626.7,search,STAY
5785.7,0.17,MCS9·MIMO·160MHz·3.2us,9,2,160,25.4,0.00,1.000,1388.2,1626.7,search,STAY
5785.9,0.15,MCS10·MIMO·160MHz·3.2us,10,2,160,25.4,0.00,0.000,0.0,1626.7,search,STAY
5786.1,0.17,MCS9·MIMO·160MHz·3.2us,9,2,160,25.3,0.00,1.000,1388.2,1626.7,search,STAY
5786.2,0.15,MCS10·MIMO·160MHz·3.2us,10,2,160,25.3,0.00,0.000,0.0,1626.7,search,STAY
5786.4,0.17,MCS9·MIMO·160MHz·3.2us,9,2,160,25.3,0.00,1.000,1388.2,1626.7,search,STAY
5786.6,0.15,MCS10·MIMO·160MHz·3.2us,10,2,160,25.3,0.00,0.000,0.0,1626.7,search,STAY
5786.7,0.17,MCS9·MIMO·160MHz·3.2us,9,2,160,25.3,0.00,1.000,1388.2,1626.7,search,STAY
5786.9,0.15,MCS10·MIMO·160MHz·3.2us,10,2,160,25.3,0.00,0.000,0.0,1626.7,search,STAY
5787.0,0.17,MCS9·MIMO·160MHz·3.2us,9,2,160,25.3,0.00,1.000,1388.2,1626.7,search,STAY
5787.2,0.15,MCS10·MIMO·160MHz·3.2us,10,2,160,25.3,0.00,0.000,0.0,1626.7,search,STAY
5787.4,0.17,MCS9·MIMO·160MHz·3.2us,9,2,160,25.3,0.00,1.000,1388.2,1626.7,search,STAY
5787.5,0.15,MCS10·MIMO·160MHz·3.2us,10,2,160,25.3,0.00,0.000,0.0,1626.7,search,STAY
5787.7,0.17,MCS9·MIMO·160MHz·3.2us,9,2,160,25.3,0.00,1.000,1388.2,1626.7,search,STAY
5787.9,0.15,MCS10·MIMO·160MHz·3.2us,10,2,160,25.3,0.00,0.000,0.0,1626.7,search,STAY
5788.0,0.17,MCS9·MIMO·160MHz·3.2us,9,2,160,25.3,0.00,1.000,1388.2,1626.7,search,STAY
5788.2,0.15,MCS10·MIMO·160MHz·3.2us,10,2,160,25.3,0.00,0.000,0.0,1626.7,search,STAY
5788.4,0.17,MCS9·MIMO·160MHz·3.2us,9,2,160,25.3,0.00,1.000,1388.2,1626.7,search,STAY
5788.5,0.15,MCS10·MIMO·160MHz·3.2us,10,2,160,25.3,0.00,0.000,0.0,1626.7,search,STAY
5788.7,0.35,MCS9·SISO·160MHz·3.2us,9,1,160,25.3,0.00,1.000,694.1,1626.7,search,SEARCH
5789.0,0.35,MCS9·MIMO·80MHz·3.2us,9,2,80,25.3,0.00,1.000,694.1,1626.7,search,SEARCH
5789.4,0.15,MCS9·MIMO·160MHz·0.8us,9,2,160,25.3,0.00,1.000,1633.2,1626.7,search,SEARCH
5789.5,14.70,MCS9·MIMO·160MHz·0.8us,9,2,160,25.3,0.00,0.996,1626.7,1626.7,dwell,STAY
5804.2,0.13,MCS10·MIMO·160MHz·0.8us,10,2,160,24.9,0.00,0.000,0.0,1617.7,search,STAY
5804.3,0.15,MCS9·MIMO·160MHz·0.8us,9,2,160,24.9,0.00,1.000,1633.2,1617.4,search,STAY
5804.5,0.13,MCS10·MIMO·160MHz·0.8us,10,2,160,24.9,0.00,0.000,0.0,1617.1,search,STAY
5804.6,0.15,MCS9·MIMO·160MHz·0.8us,9,2,160,24.9,0.00,1.000,1633.2,1616.9,search,STAY
5804.8,0.13,MCS10·MIMO·160MHz·0.8us,10,2,160,24.9,0.00,0.000,0.0,1616.5,search,STAY
5804.9,0.15,MCS9·MIMO·160MHz·0.8us,9,2,160,24.9,0.00,1.000,1633.2,1616.3,search,STAY
5805.0,0.13,MCS10·MIMO·160MHz·0.8us,10,2,160,24.9,0.00,0.000,0.0,1616.0,search,STAY
5805.2,0.15,MCS9·MIMO·160MHz·0.8us,9,2,160,24.9,0.00,1.000,1633.2,1615.7,search,STAY
5805.3,0.13,MCS10·MIMO·160MHz·0.8us,10,2,160,24.9,0.00,0.000,0.0,1615.4,search,STAY
5805.5,0.15,MCS9·MIMO·160MHz·0.8us,9,2,160,24.9,0.00,1.000,1633.2,1615.1,search,STAY
5805.6,0.13,MCS10·MIMO·160MHz·0.8us,10,2,160,24.9,0.00,0.000,0.0,1614.8,search,STAY
5805.7,0.15,MCS9·MIMO·160MHz·0.8us,9,2,160,24.9,0.00,1.000,1633.2,1614.5,search,STAY
5805.9,0.13,MCS10·MIMO·160MHz·0.8us,10,2,160,24.9,0.00,0.000,0.0,1614.2,search,STAY
5806.0,0.15,MCS9·MIMO·160MHz·0.8us,9,2,160,24.8,0.00,1.000,1633.2,1613.9,search,STAY
5806.2,0.13,MCS10·MIMO·160MHz·0.8us,10,2,160,24.8,0.00,0.000,0.0,1613.6,search,STAY
5806.3,0.15,MCS9·MIMO·160MHz·0.8us,9,2,160,24.8,0.00,1.000,1633.2,1613.3,search,STAY
5806.4,0.13,MCS10·MIMO·160MHz·0.8us,10,2,160,24.8,0.00,0.000,0.0,1613.0,search,STAY
5806.6,0.15,MCS9·MIMO·160MHz·0.8us,9,2,160,24.8,0.00,1.000,1633.2,1612.7,search,STAY
5806.7,0.13,MCS10·MIMO·160MHz·0.8us,10,2,160,24.8,0.00,0.000,0.0,1612.4,search,STAY
5806.8,0.15,MCS9·MIMO·160MHz·0.8us,9,2,160,24.8,0.00,1.000,1633.2,1612.1,search,STAY
5807.0,0.13,MCS10·MIMO·160MHz·0.8us,10,2,160,24.8,0.00,0.000,0.0,1611.8,search,STAY
5807.1,0.15,MCS9·MIMO·160MHz·0.8us,9,2,160,24.8,0.00,1.000,1633.2,1611.6,search,STAY
5807.3,0.13,MCS10·MIMO·160MHz·0.8us,10,2,160,24.8,0.00,0.000,0.0,1611.2,search,STAY
5807.4,0.15,MCS9·MIMO·160MHz·0.8us,9,2,160,24.8,0.00,1.000,1633.2,1611.0,search,STAY
5807.5,0.13,MCS10·MIMO·160MHz·0.8us,10,2,160,24.8,0.00,0.000,0.0,1610.7,search,STAY
5807.7,0.15,MCS9·MIMO·160MHz·0.8us,9,2,160,24.8,0.00,1.000,1633.2,1610.4,search,STAY
5807.8,0.13,MCS10·MIMO·160MHz·0.8us,10,2,160,24.8,0.00,0.000,0.0,1610.1,search,STAY
5808.0,0.15,MCS9·MIMO·160MHz·0.8us,9,2,160,24.8,0.00,1.000,1633.2,1609.8,search,STAY
5808.1,0.13,MCS10·MIMO·160MHz·0.8us,10,2,160,24.8,0.00,0.000,0.0,1609.5,search,STAY
5808.2,0.15,MCS9·MIMO·160MHz·0.8us,9,2,160,24.8,0.00,1.000,1633.2,1609.2,search,STAY
5808.4,0.13,MCS10·MIMO·160MHz·0.8us,10,2,160,24.8,0.00,0.000,0.0,1608.9,search,STAY
5808.5,0.15,MCS9·MIMO·160MHz·0.8us,9,2,160,24.8,0.00,1.000,1633.2,1608.6,search,STAY
5808.7,0.13,MCS10·MIMO·160MHz·0.8us,10,2,160,24.8,0.00,0.000,0.0,1608.3,search,STAY
5808.8,0.15,MCS9·MIMO·160MHz·0.8us,9,2,160,24.8,0.00,1.000,1633.2,1608.0,search,STAY
5808.9,0.13,MCS10·MIMO·160MHz·0.8us,10,2,160,24.8,0.00,0.000,0.0,1607.7,search,STAY
5809.1,0.15,MCS9·MIMO·160MHz·0.8us,9,2,160,24.8,0.00,1.000,1633.2,1607.4,search,STAY
5809.2,0.13,MCS10·MIMO·160MHz·0.8us,10,2,160,24.8,0.00,0.000,0.0,1607.1,search,STAY
5809.3,0.15,MCS9·MIMO·160MHz·0.8us,9,2,160,24.8,0.00,1.000,1633.2,1606.8,search,STAY
5809.5,0.13,MCS10·MIMO·160MHz·0.8us,10,2,160,24.8,0.00,0.000,0.0,1606.5,search,STAY
5809.6,0.29,MCS9·SISO·160MHz·0.8us,9,1,160,24.8,0.00,1.000,816.6,1606.2,search,SEARCH
5809.9,0.29,MCS9·MIMO·80MHz·0.8us,9,2,80,24.8,0.00,0.550,449.1,1605.6,search,SEARCH
5810.2,0.17,MCS9·MIMO·160MHz·3.2us,9,2,160,24.7,0.00,1.000,1388.2,1605.0,search,SEARCH
5810.4,17.29,MCS9·MIMO·160MHz·3.2us,9,2,160,24.7,0.00,0.993,1378.5,1604.6,dwell,STAY
5827.7,0.15,MCS10·MIMO·160MHz·3.2us,10,2,160,24.3,0.00,0.000,0.0,1571.7,search,STAY
5827.8,0.17,MCS9·MIMO·160MHz·3.2us,9,2,160,24.3,0.00,1.000,1388.2,1571.4,search,STAY
5828.0,0.15,MCS10·MIMO·160MHz·3.2us,10,2,160,24.3,0.00,0.000,0.0,1571.1,search,STAY
5828.1,0.17,MCS9·MIMO·160MHz·3.2us,9,2,160,24.3,0.00,1.000,1388.2,1570.9,search,STAY
5828.3,0.15,MCS10·MIMO·160MHz·3.2us,10,2,160,24.3,0.00,0.000,0.0,1570.6,search,STAY
5828.5,0.17,MCS9·MIMO·160MHz·3.2us,9,2,160,24.3,0.00,1.000,1388.2,1570.4,search,STAY
5828.6,0.15,MCS10·MIMO·160MHz·3.2us,10,2,160,24.3,0.00,0.000,0.0,1570.1,search,STAY
5828.8,0.17,MCS9·MIMO·160MHz·3.2us,9,2,160,24.3,0.00,1.000,1388.2,1569.8,search,STAY
5829.0,0.15,MCS10·MIMO·160MHz·3.2us,10,2,160,24.3,0.00,0.000,0.0,1569.5,search,STAY
5829.1,0.17,MCS9·MIMO·160MHz·3.2us,9,2,160,24.3,0.00,1.000,1388.2,1569.3,search,STAY
5829.3,0.15,MCS10·MIMO·160MHz·3.2us,10,2,160,24.3,0.00,0.000,0.0,1569.0,search,STAY
5829.5,0.17,MCS9·MIMO·160MHz·3.2us,9,2,160,24.3,0.00,1.000,1388.2,1568.8,search,STAY
5829.6,0.15,MCS10·MIMO·160MHz·3.2us,10,2,160,24.3,0.00,0.000,0.0,1568.5,search,STAY
5829.8,0.17,MCS9·MIMO·160MHz·3.2us,9,2,160,24.3,0.00,1.000,1388.2,1568.2,search,STAY
5830.0,0.15,MCS10·MIMO·160MHz·3.2us,10,2,160,24.3,0.00,0.000,0.0,1567.9,search,STAY
5830.1,0.17,MCS9·MIMO·160MHz·3.2us,9,2,160,24.2,0.00,1.000,1388.2,1567.7,search,STAY
5830.3,0.15,MCS10·MIMO·160MHz·3.2us,10,2,160,24.2,0.00,0.000,0.0,1567.4,search,STAY
5830.4,0.17,MCS9·MIMO·160MHz·3.2us,9,2,160,24.2,0.00,1.000,1388.2,1567.2,search,STAY
5830.6,0.15,MCS10·MIMO·160MHz·3.2us,10,2,160,24.2,0.00,0.000,0.0,1566.9,search,STAY
5830.8,0.17,MCS9·MIMO·160MHz·3.2us,9,2,160,24.2,0.00,1.000,1388.2,1566.6,search,STAY
5830.9,0.15,MCS10·MIMO·160MHz·3.2us,10,2,160,24.2,0.00,0.000,0.0,1566.3,search,STAY
5831.1,0.17,MCS9·MIMO·160MHz·3.2us,9,2,160,24.2,0.00,1.000,1388.2,1566.1,search,STAY
5831.3,0.15,MCS10·MIMO·160MHz·3.2us,10,2,160,24.2,0.00,0.000,0.0,1565.8,search,STAY
5831.4,0.17,MCS9·MIMO·160MHz·3.2us,9,2,160,24.2,0.00,1.000,1388.2,1565.6,search,STAY
5831.6,0.15,MCS10·MIMO·160MHz·3.2us,10,2,160,24.2,0.00,0.000,0.0,1565.3,search,STAY
5831.7,0.17,MCS9·MIMO·160MHz·3.2us,9,2,160,24.2,0.00,1.000,1388.2,1565.0,search,STAY
5831.9,0.15,MCS10·MIMO·160MHz·3.2us,10,2,160,24.2,0.00,0.000,0.0,1564.7,search,STAY
5832.1,0.17,MCS9·MIMO·160MHz·3.2us,9,2,160,24.2,0.00,0.950,1318.8,1564.5,search,STAY
5832.2,0.15,MCS10·MIMO·160MHz·3.2us,10,2,160,24.2,0.00,0.000,0.0,1564.2,search,STAY
5832.4,0.17,MCS9·MIMO·160MHz·3.2us,9,2,160,24.2,0.00,0.950,1318.8,1564.0,search,STAY
5832.6,0.15,MCS10·MIMO·160MHz·3.2us,10,2,160,24.2,0.00,0.000,0.0,1563.7,search,STAY
5832.7,0.17,MCS9·MIMO·160MHz·3.2us,9,2,160,24.2,0.00,0.950,1318.8,1563.4,search,STAY
5832.9,0.15,MCS10·MIMO·160MHz·3.2us,10,2,160,24.2,0.00,0.000,0.0,1563.1,search,STAY
5833.0,0.17,MCS9·MIMO·160MHz·3.2us,9,2,160,24.2,0.00,0.950,1318.8,1562.9,search,STAY
5833.2,0.15,MCS10·MIMO·160MHz·3.2us,10,2,160,24.2,0.00,0.000,0.0,1562.6,search,STAY
5833.4,0.17,MCS9·MIMO·160MHz·3.2us,9,2,160,24.2,0.00,0.950,1318.8,1562.4,search,STAY
5833.5,0.15,MCS10·MIMO·160MHz·3.2us,10,2,160,24.2,0.00,0.000,0.0,1562.1,search,STAY
5833.7,0.17,MCS9·MIMO·160MHz·3.2us,9,2,160,24.2,0.00,0.950,1318.8,1561.8,search,STAY
5833.9,0.15,MCS10·MIMO·160MHz·3.2us,10,2,160,24.2,0.00,0.000,0.0,1561.5,search,STAY
5834.0,0.35,MCS9·SISO·160MHz·3.2us,9,1,160,24.1,0.00,1.000,694.1,1561.3,search,SEARCH
5834.4,0.35,MCS9·MIMO·80MHz·3.2us,9,2,80,24.1,0.00,0.300,208.2,1560.7,search,SEARCH
5834.7,0.15,MCS9·MIMO·160MHz·0.8us,9,2,160,24.1,0.00,0.950,1551.5,1560.2,search,SEARCH
5834.9,14.70,MCS9·MIMO·160MHz·0.8us,9,2,160,24.1,0.00,0.955,1559.7,1559.9,dwell,STAY
5849.6,0.13,MCS10·MIMO·160MHz·0.8us,10,2,160,23.8,0.00,0.000,0.0,1465.8,search,STAY
5849.7,0.15,MCS9·MIMO·160MHz·0.8us,9,2,160,23.8,0.00,0.600,979.9,1465.7,search,STAY
5849.8,0.16,MCS8·MIMO·160MHz·0.8us,8,2,160,23.8,0.00,1.000,1470.0,1465.7,search,STAY
5850.0,0.15,MCS9·MIMO·160MHz·0.8us,9,2,160,23.8,0.00,0.600,979.9,1465.6,search,STAY
5850.1,0.16,MCS8·MIMO·160MHz·0.8us,8,2,160,23.7,0.00,1.000,1470.0,1465.5,search,STAY
5850.3,0.15,MCS9·MIMO·160MHz·0.8us,9,2,160,23.7,0.00,0.600,979.9,1465.5,search,STAY
5850.5,0.16,MCS8·MIMO·160MHz·0.8us,8,2,160,23.7,0.00,1.000,1470.0,1465.4,search,STAY
5850.6,0.15,MCS9·MIMO·160MHz·0.8us,9,2,160,23.7,0.00,0.550,898.3,1465.3,search,STAY
5850.8,0.16,MCS8·MIMO·160MHz·0.8us,8,2,160,23.7,0.00,1.000,1470.0,1465.3,search,STAY
5850.9,0.15,MCS9·MIMO·160MHz·0.8us,9,2,160,23.7,0.00,0.550,898.3,1465.2,search,STAY
5851.1,0.16,MCS8·MIMO·160MHz·0.8us,8,2,160,23.7,0.00,1.000,1470.0,1465.1,search,STAY
5851.2,0.15,MCS9·MIMO·160MHz·0.8us,9,2,160,23.7,0.00,0.550,898.3,1465.0,search,STAY
5851.4,0.16,MCS8·MIMO·160MHz·0.8us,8,2,160,23.7,0.00,1.000,1470.0,1465.0,search,STAY
5851.6,0.15,MCS9·MIMO·160MHz·0.8us,9,2,160,23.7,0.00,0.550,898.3,1464.9,search,STAY
5851.7,0.16,MCS8·MIMO·160MHz·0.8us,8,2,160,23.7,0.00,1.000,1470.0,1464.8,search,STAY
5851.9,0.15,MCS9·MIMO·160MHz·0.8us,9,2,160,23.7,0.00,0.500,816.6,1464.8,search,STAY
5852.0,0.16,MCS8·MIMO·160MHz·0.8us,8,2,160,23.7,0.00,1.000,1470.0,1464.7,search,STAY
5852.2,0.15,MCS9·MIMO·160MHz·0.8us,9,2,160,23.7,0.00,0.500,816.6,1464.6,search,STAY
5852.3,0.16,MCS8·MIMO·160MHz·0.8us,8,2,160,23.7,0.00,1.000,1470.0,1464.6,search,STAY
5852.5,0.15,MCS9·MIMO·160MHz·0.8us,9,2,160,23.7,0.00,0.500,816.6,1464.5,search,STAY
5852.6,0.16,MCS8·MIMO·160MHz·0.8us,8,2,160,23.7,0.00,1.000,1470.0,1464.4,search,STAY
5852.8,0.15,MCS9·MIMO·160MHz·0.8us,9,2,160,23.7,0.00,0.500,816.6,1464.4,search,STAY
5852.9,0.16,MCS8·MIMO·160MHz·0.8us,8,2,160,23.7,0.00,1.000,1470.0,1464.3,search,STAY
5853.1,0.15,MCS9·MIMO·160MHz·0.8us,9,2,160,23.7,0.00,0.500,816.6,1464.2,search,STAY
5853.2,0.16,MCS8·MIMO·160MHz·0.8us,8,2,160,23.7,0.00,1.000,1470.0,1464.2,search,STAY
5853.4,0.15,MCS9·MIMO·160MHz·0.8us,9,2,160,23.7,0.00,0.450,734.9,1464.1,search,STAY
5853.6,0.16,MCS8·MIMO·160MHz·0.8us,8,2,160,23.7,0.00,1.000,1470.0,1464.0,search,STAY
5853.7,0.15,MCS9·MIMO·160MHz·0.8us,9,2,160,23.7,0.00,0.450,734.9,1463.9,search,STAY
5853.9,0.16,MCS8·MIMO·160MHz·0.8us,8,2,160,23.7,0.00,1.000,1470.0,1463.9,search,STAY
5854.0,0.15,MCS9·MIMO·160MHz·0.8us,9,2,160,23.6,0.00,0.450,734.9,1463.8,search,STAY
5854.2,0.16,MCS8·MIMO·160MHz·0.8us,8,2,160,23.6,0.00,1.000,1470.0,1463.7,search,STAY
5854.3,0.15,MCS9·MIMO·160MHz·0.8us,9,2,160,23.6,0.00,0.450,734.9,1463.7,search,STAY
5854.5,0.16,MCS8·MIMO·160MHz·0.8us,8,2,160,23.6,0.00,1.000,1470.0,1463.6,search,STAY
5854.7,0.15,MCS9·MIMO·160MHz·0.8us,9,2,160,23.6,0.00,0.400,653.3,1463.5,search,STAY
5854.8,0.16,MCS8·MIMO·160MHz·0.8us,8,2,160,23.6,0.00,1.000,1470.0,1463.5,search,STAY
5855.0,0.15,MCS9·MIMO·160MHz·0.8us,9,2,160,23.6,0.00,0.400,653.3,1463.4,search,STAY
5855.1,0.16,MCS8·MIMO·160MHz·0.8us,8,2,160,23.6,0.00,1.000,1470.0,1463.3,search,STAY
5855.3,0.15,MCS9·MIMO·160MHz·0.8us,9,2,160,23.6,0.00,0.400,653.3,1463.3,search,STAY
5855.4,0.16,MCS8·MIMO·160MHz·0.8us,8,2,160,23.6,0.00,1.000,1470.0,1463.2,search,STAY
5855.6,0.15,MCS9·MIMO·160MHz·0.8us,9,2,160,23.6,0.00,0.400,653.3,1463.1,search,STAY
5855.7,0.16,MCS8·MIMO·160MHz·0.8us,8,2,160,23.6,0.00,1.000,1470.0,1463.1,search,STAY
5855.9,0.15,MCS9·MIMO·160MHz·0.8us,9,2,160,23.6,0.00,0.350,571.6,1463.0,search,STAY
5856.0,0.16,MCS8·MIMO·160MHz·0.8us,8,2,160,23.6,0.00,1.000,1470.0,1462.9,search,STAY
5856.2,0.15,MCS9·MIMO·160MHz·0.8us,9,2,160,23.6,0.00,0.350,571.6,1462.9,search,STAY
5856.4,0.16,MCS8·MIMO·160MHz·0.8us,8,2,160,23.6,0.00,1.000,1470.0,1462.8,search,STAY
5856.5,0.15,MCS9·MIMO·160MHz·0.8us,9,2,160,23.6,0.00,0.350,571.6,1462.7,search,STAY
5856.7,0.16,MCS8·MIMO·160MHz·0.8us,8,2,160,23.6,0.00,1.000,1470.0,1462.7,search,STAY
5856.8,0.15,MCS9·MIMO·160MHz·0.8us,9,2,160,23.6,0.00,0.350,571.6,1462.6,search,STAY
5857.0,0.16,MCS8·MIMO·160MHz·0.8us,8,2,160,23.6,0.00,1.000,1470.0,1462.5,search,STAY
5857.1,0.15,MCS9·MIMO·160MHz·0.8us,9,2,160,23.6,0.00,0.350,571.6,1462.4,search,STAY
5857.3,0.16,MCS8·MIMO·160MHz·0.8us,8,2,160,23.6,0.00,1.000,1470.0,1462.4,search,STAY
5857.4,0.15,MCS9·MIMO·160MHz·0.8us,9,2,160,23.6,0.00,0.300,490.0,1462.3,search,STAY
5857.6,0.16,MCS8·MIMO·160MHz·0.8us,8,2,160,23.6,0.00,1.000,1470.0,1462.2,search,STAY
5857.8,0.15,MCS9·MIMO·160MHz·0.8us,9,2,160,23.6,0.00,0.300,490.0,1462.2,search,STAY
5857.9,0.33,MCS8·SISO·160MHz·0.8us,8,1,160,23.6,0.00,1.000,735.0,1462.1,search,SEARCH
5858.2,0.33,MCS8·MIMO·80MHz·0.8us,8,2,80,23.5,0.00,1.000,735.0,1462.0,search,SEARCH
5858.6,0.19,MCS8·MIMO·160MHz·3.2us,8,2,160,23.5,0.00,1.000,1249.5,1461.8,search,SEARCH
5858.7,19.21,MCS8·MIMO·160MHz·3.2us,8,2,160,23.5,0.00,0.998,1247.0,1461.7,dwell,STAY
5878.0,0.17,MCS9·MIMO·160MHz·3.2us,9,2,160,23.1,0.00,0.150,208.2,1463.8,search,STAY
5878.1,0.19,MCS8·MIMO·160MHz·3.2us,8,2,160,23.0,0.00,1.000,1249.5,1463.8,search,STAY
5878.3,0.17,MCS9·MIMO·160MHz·3.2us,9,2,160,23.0,0.00,0.150,208.2,1463.9,search,STAY
5878.5,0.19,MCS8·MIMO·160MHz·3.2us,8,2,160,23.0,0.00,1.000,1249.5,1463.9,search,STAY
5878.7,0.17,MCS9·MIMO·160MHz·3.2us,9,2,160,23.0,0.00,0.150,208.2,1463.9,search,STAY
5878.9,0.19,MCS8·MIMO·160MHz·3.2us,8,2,160,23.0,0.00,1.000,1249.5,1464.0,search,STAY
5879.0,0.17,MCS9·MIMO·160MHz·3.2us,9,2,160,23.0,0.00,0.150,208.2,1464.0,search,STAY
5879.2,0.19,MCS8·MIMO·160MHz·3.2us,8,2,160,23.0,0.00,1.000,1249.5,1464.0,search,STAY
5879.4,0.17,MCS9·MIMO·160MHz·3.2us,9,2,160,23.0,0.00,0.100,138.8,1464.0,search,STAY
5879.6,0.19,MCS8·MIMO·160MHz·3.2us,8,2,160,23.0,0.00,1.000,1249.5,1464.1,search,STAY
5879.8,0.17,MCS9·MIMO·160MHz·3.2us,9,2,160,23.0,0.00,0.100,138.8,1464.1,search,STAY
5880.0,0.19,MCS8·MIMO·160MHz·3.2us,8,2,160,23.0,0.00,1.000,1249.5,1464.1,search,STAY
5880.1,0.17,MCS9·MIMO·160MHz·3.2us,9,2,160,23.0,0.00,0.100,138.8,1464.0,search,STAY
5880.3,0.19,MCS8·MIMO·160MHz·3.2us,8,2,160,23.0,0.00,1.000,1249.5,1463.9,search,STAY
5880.5,0.17,MCS9·MIMO·160MHz·3.2us,9,2,160,23.0,0.00,0.100,138.8,1463.7,search,STAY
5880.7,0.19,MCS8·MIMO·160MHz·3.2us,8,2,160,23.0,0.00,1.000,1249.5,1463.6,search,STAY
5880.9,0.17,MCS9·MIMO·160MHz·3.2us,9,2,160,23.0,0.00,0.100,138.8,1463.4,search,STAY
5881.0,0.19,MCS8·MIMO·160MHz·3.2us,8,2,160,23.0,0.00,1.000,1249.5,1463.3,search,STAY
5881.2,0.17,MCS9·MIMO·160MHz·3.2us,9,2,160,23.0,0.00,0.100,138.8,1463.1,search,STAY
5881.4,0.19,MCS8·MIMO·160MHz·3.2us,8,2,160,23.0,0.00,1.000,1249.5,1463.0,search,STAY
5881.6,0.17,MCS9·MIMO·160MHz·3.2us,9,2,160,23.0,0.00,0.100,138.8,1462.8,search,STAY
5881.8,0.19,MCS8·MIMO·160MHz·3.2us,8,2,160,23.0,0.00,1.000,1249.5,1462.7,search,STAY
5882.0,0.17,MCS9·MIMO·160MHz·3.2us,9,2,160,23.0,0.00,0.100,138.8,1462.5,search,STAY
5882.1,0.19,MCS8·MIMO·160MHz·3.2us,8,2,160,22.9,0.00,1.000,1249.5,1462.4,search,STAY
5882.3,0.17,MCS9·MIMO·160MHz·3.2us,9,2,160,22.9,0.00,0.100,138.8,1462.2,search,STAY
5882.5,0.19,MCS8·MIMO·160MHz·3.2us,8,2,160,22.9,0.00,1.000,1249.5,1462.1,search,STAY
5882.7,0.17,MCS9·MIMO·160MHz·3.2us,9,2,160,22.9,0.00,0.100,138.8,1461.9,search,STAY
5882.9,0.19,MCS8·MIMO·160MHz·3.2us,8,2,160,22.9,0.00,1.000,1249.5,1461.8,search,STAY
5883.1,0.17,MCS9·MIMO·160MHz·3.2us,9,2,160,22.9,0.00,0.100,138.8,1461.6,search,STAY
5883.2,0.19,MCS8·MIMO·160MHz·3.2us,8,2,160,22.9,0.00,1.000,1249.5,1461.5,search,STAY
5883.4,0.17,MCS9·MIMO·160MHz·3.2us,9,2,160,22.9,0.00,0.100,138.8,1461.3,search,STAY
5883.6,0.19,MCS8·MIMO·160MHz·3.2us,8,2,160,22.9,0.00,1.000,1249.5,1461.2,search,STAY
5883.8,0.17,MCS9·MIMO·160MHz·3.2us,9,2,160,22.9,0.00,0.100,138.8,1461.1,search,STAY
5884.0,0.19,MCS8·MIMO·160MHz·3.2us,8,2,160,22.9,0.00,1.000,1249.5,1460.9,search,STAY
5884.2,0.17,MCS9·MIMO·160MHz·3.2us,9,2,160,22.9,0.00,0.100,138.8,1460.8,search,STAY
5884.3,0.19,MCS8·MIMO·160MHz·3.2us,8,2,160,22.9,0.00,1.000,1249.5,1460.6,search,STAY
5884.5,0.17,MCS9·MIMO·160MHz·3.2us,9,2,160,22.9,0.00,0.050,69.4,1460.5,search,STAY
5884.7,0.19,MCS8·MIMO·160MHz·3.2us,8,2,160,22.9,0.00,1.000,1249.5,1460.3,search,STAY
5884.9,0.17,MCS9·MIMO·160MHz·3.2us,9,2,160,22.9,0.00,0.050,69.4,1460.2,search,STAY
5885.1,0.19,MCS8·MIMO·160MHz·3.2us,8,2,160,22.9,0.00,1.000,1249.5,1460.0,search,STAY
5885.3,0.17,MCS9·MIMO·160MHz·3.2us,9,2,160,22.9,0.00,0.050,69.4,1459.9,search,STAY
5885.4,0.19,MCS8·MIMO·160MHz·3.2us,8,2,160,22.9,0.00,1.000,1249.5,1459.7,search,STAY
5885.6,0.17,MCS9·MIMO·160MHz·3.2us,9,2,160,22.9,0.00,0.050,69.4,1459.6,search,STAY
5885.8,0.19,MCS8·MIMO·160MHz·3.2us,8,2,160,22.9,0.00,1.000,1249.5,1459.4,search,STAY
5886.0,0.17,MCS9·MIMO·160MHz·3.2us,9,2,160,22.9,0.00,0.050,69.4,1459.3,search,STAY
5886.2,0.38,MCS8·SISO·160MHz·3.2us,8,1,160,22.8,0.00,1.000,624.8,1459.1,search,SEARCH
5886.5,0.38,MCS8·MIMO·80MHz·3.2us,8,2,80,22.8,0.00,0.900,562.3,1458.8,search,SEARCH
5886.9,0.16,MCS8·MIMO·160MHz·0.8us,8,2,160,22.8,0.00,1.000,1470.0,1458.5,search,SEARCH
5887.1,16.33,MCS8·MIMO·160MHz·0.8us,8,2,160,22.8,0.00,0.992,1458.2,1458.4,dwell,STAY
5903.4,0.15,MCS9·MIMO·160MHz·0.8us,9,2,160,22.4,0.00,0.000,0.0,1425.4,search,STAY
5903.6,0.16,MCS8·MIMO·160MHz·0.8us,8,2,160,22.4,0.00,0.950,1396.5,1424.4,search,STAY
5903.7,0.15,MCS9·MIMO·160MHz·0.8us,9,2,160,22.4,0.00,0.000,0.0,1423.3,search,STAY
5903.9,0.16,MCS8·MIMO·160MHz·0.8us,8,2,160,22.4,0.00,0.950,1396.5,1422.3,search,STAY
5904.0,0.15,MCS9·MIMO·160MHz·0.8us,9,2,160,22.4,0.00,0.000,0.0,1421.3,search,STAY
5904.2,0.16,MCS8·MIMO·160MHz·0.8us,8,2,160,22.4,0.00,0.950,1396.5,1420.3,search,STAY
5904.3,0.15,MCS9·MIMO·160MHz·0.8us,9,2,160,22.4,0.00,0.000,0.0,1419.2,search,STAY
5904.5,0.16,MCS8·MIMO·160MHz·0.8us,8,2,160,22.4,0.00,0.950,1396.5,1418.2,search,STAY
5904.7,0.15,MCS9·MIMO·160MHz·0.8us,9,2,160,22.4,0.00,0.000,0.0,1417.2,search,STAY
5904.8,0.16,MCS8·MIMO·160MHz·0.8us,8,2,160,22.4,0.00,0.950,1396.5,1416.2,search,STAY
5905.0,0.15,MCS9·MIMO·160MHz·0.8us,9,2,160,22.4,0.00,0.000,0.0,1415.1,search,STAY
5905.1,0.16,MCS8·MIMO·160MHz·0.8us,8,2,160,22.4,0.00,0.950,1396.5,1414.1,search,STAY
5905.3,0.15,MCS9·MIMO·160MHz·0.8us,9,2,160,22.4,0.00,0.000,0.0,1413.0,search,STAY
5905.4,0.16,MCS8·MIMO·160MHz·0.8us,8,2,160,22.4,0.00,0.950,1396.5,1412.1,search,STAY
5905.6,0.15,MCS9·MIMO·160MHz·0.8us,9,2,160,22.4,0.00,0.000,0.0,1411.0,search,STAY
5905.7,0.16,MCS8·MIMO·160MHz·0.8us,8,2,160,22.4,0.00,0.950,1396.5,1410.0,search,STAY
5905.9,0.15,MCS9·MIMO·160MHz·0.8us,9,2,160,22.4,0.00,0.000,0.0,1408.9,search,STAY
5906.0,0.16,MCS8·MIMO·160MHz·0.8us,8,2,160,22.3,0.00,0.950,1396.5,1408.0,search,STAY
5906.2,0.15,MCS9·MIMO·160MHz·0.8us,9,2,160,22.3,0.00,0.000,0.0,1406.9,search,STAY
5906.4,0.16,MCS8·MIMO·160MHz·0.8us,8,2,160,22.3,0.00,0.950,1396.5,1405.9,search,STAY
5906.5,0.15,MCS9·MIMO·160MHz·0.8us,9,2,160,22.3,0.00,0.000,0.0,1404.8,search,STAY
5906.7,0.16,MCS8·MIMO·160MHz·0.8us,8,2,160,22.3,0.00,0.950,1396.5,1403.9,search,STAY
5906.8,0.15,MCS9·MIMO·160MHz·0.8us,9,2,160,22.3,0.00,0.000,0.0,1402.8,search,STAY
5907.0,0.16,MCS8·MIMO·160MHz·0.8us,8,2,160,22.3,0.00,0.950,1396.5,1401.8,search,STAY
5907.1,0.15,MCS9·MIMO·160MHz·0.8us,9,2,160,22.3,0.00,0.000,0.0,1400.7,search,STAY
5907.3,0.16,MCS8·MIMO·160MHz·0.8us,8,2,160,22.3,0.00,0.950,1396.5,1399.8,search,STAY
5907.4,0.15,MCS9·MIMO·160MHz·0.8us,9,2,160,22.3,0.00,0.000,0.0,1398.7,search,STAY
5907.6,0.16,MCS8·MIMO·160MHz·0.8us,8,2,160,22.3,0.00,0.950,1396.5,1397.7,search,STAY
5907.8,0.15,MCS9·MIMO·160MHz·0.8us,9,2,160,22.3,0.00,0.000,0.0,1396.6,search,STAY
5907.9,0.16,MCS8·MIMO·160MHz·0.8us,8,2,160,22.3,0.00,0.950,1396.5,1395.7,search,STAY
5908.1,0.15,MCS9·MIMO·160MHz·0.8us,9,2,160,22.3,0.00,0.000,0.0,1394.6,search,STAY
5908.2,0.16,MCS8·MIMO·160MHz·0.8us,8,2,160,22.3,0.00,0.950,1396.5,1393.6,search,STAY
5908.4,0.15,MCS9·MIMO·160MHz·0.8us,9,2,160,22.3,0.00,0.000,0.0,1392.5,search,STAY
5908.5,0.16,MCS8·MIMO·160MHz·0.8us,8,2,160,22.3,0.00,0.950,1396.5,1391.6,search,STAY
5908.7,0.15,MCS9·MIMO·160MHz·0.8us,9,2,160,22.3,0.00,0.000,0.0,1390.5,search,STAY
5908.8,0.16,MCS8·MIMO·160MHz·0.8us,8,2,160,22.3,0.00,0.950,1396.5,1389.5,search,STAY
5909.0,0.15,MCS9·MIMO·160MHz·0.8us,9,2,160,22.3,0.00,0.000,0.0,1388.4,search,STAY
5909.1,0.33,MCS8·SISO·160MHz·0.8us,8,1,160,22.3,0.00,1.000,735.0,1387.5,search,SEARCH
5909.5,0.33,MCS8·MIMO·80MHz·0.8us,8,2,80,22.3,0.00,0.100,73.5,1385.3,search,SEARCH
5909.8,0.19,MCS8·MIMO·160MHz·3.2us,8,2,160,22.3,0.00,1.000,1249.5,1383.1,search,SEARCH
5910.0,19.21,MCS8·MIMO·160MHz·3.2us,8,2,160,22.3,0.00,0.980,1224.5,1381.9,dwell,STAY
5929.2,0.17,MCS9·MIMO·160MHz·3.2us,9,2,160,21.8,0.00,0.000,0.0,1224.8,search,STAY
5929.4,0.19,MCS8·MIMO·160MHz·3.2us,8,2,160,21.8,0.00,0.850,1062.1,1224.8,search,STAY
5929.6,19.21,MCS8·MIMO·160MHz·3.2us,8,2,160,21.8,0.00,0.867,1083.3,1224.8,dwell,STAY
5948.8,19.21,MCS8·MIMO·160MHz·3.2us,8,2,160,21.3,0.00,0.433,541.7,1224.8,dwell,STAY
5968.0,0.46,MCS7·SISO·160MHz·3.2us,7,1,160,20.8,0.00,1.000,520.5,1224.8,search,SEARCH
5968.4,0.46,MCS7·MIMO·80MHz·3.2us,7,2,80,20.8,0.00,1.000,520.5,1224.8,search,SEARCH
5968.9,0.20,MCS7·MIMO·160MHz·0.8us,7,2,160,20.8,0.00,1.000,1224.8,1224.8,search,SEARCH
5969.1,19.60,MCS7·MIMO·160MHz·0.8us,7,2,160,20.8,0.00,1.000,1224.8,1224.8,dwell,STAY
5988.7,0.16,MCS8·MIMO·160MHz·0.8us,8,2,160,20.3,0.00,0.000,0.0,1223.7,search,STAY
5988.9,0.20,MCS7·MIMO·160MHz·0.8us,7,2,160,20.3,0.00,1.000,1224.8,1223.7,search,STAY
5989.1,0.16,MCS8·MIMO·160MHz·0.8us,8,2,160,20.3,0.00,0.000,0.0,1223.7,search,STAY
5989.2,0.20,MCS7·MIMO·160MHz·0.8us,7,2,160,20.3,0.00,1.000,1224.8,1223.7,search,STAY
5989.4,0.16,MCS8·MIMO·160MHz·0.8us,8,2,160,20.3,0.00,0.000,0.0,1223.6,search,STAY
5989.6,0.20,MCS7·MIMO·160MHz·0.8us,7,2,160,20.3,0.00,1.000,1224.8,1223.6,search,STAY
5989.8,0.16,MCS8·MIMO·160MHz·0.8us,8,2,160,20.3,0.00,0.000,0.0,1223.6,search,STAY
5989.9,0.20,MCS7·MIMO·160MHz·0.8us,7,2,160,20.3,0.00,1.000,1224.8,1223.6,search,STAY
5990.1,0.16,MCS8·MIMO·160MHz·0.8us,8,2,160,20.2,0.00,0.000,0.0,1223.6,search,STAY
5990.3,0.20,MCS7·MIMO·160MHz·0.8us,7,2,160,20.2,0.00,1.000,1224.8,1223.5,search,STAY
5990.5,0.16,MCS8·MIMO·160MHz·0.8us,8,2,160,20.2,0.00,0.000,0.0,1223.5,search,STAY
5990.7,0.20,MCS7·MIMO·160MHz·0.8us,7,2,160,20.2,0.00,1.000,1224.8,1223.5,search,STAY
5990.8,0.16,MCS8·MIMO·160MHz·0.8us,8,2,160,20.2,0.00,0.000,0.0,1223.5,search,STAY
5991.0,0.20,MCS7·MIMO·160MHz·0.8us,7,2,160,20.2,0.00,1.000,1224.8,1223.5,search,STAY
5991.2,0.16,MCS8·MIMO·160MHz·0.8us,8,2,160,20.2,0.00,0.000,0.0,1223.4,search,STAY
5991.4,0.20,MCS7·MIMO·160MHz·0.8us,7,2,160,20.2,0.00,1.000,1224.8,1223.4,search,STAY
5991.6,0.16,MCS8·MIMO·160MHz·0.8us,8,2,160,20.2,0.00,0.000,0.0,1223.4,search,STAY
5991.7,0.20,MCS7·MIMO·160MHz·0.8us,7,2,160,20.2,0.00,1.000,1224.8,1223.4,search,STAY
5991.9,0.16,MCS8·MIMO·160MHz·0.8us,8,2,160,20.2,0.00,0.000,0.0,1223.3,search,STAY
5992.1,0.20,MCS7·MIMO·160MHz·0.8us,7,2,160,20.2,0.00,1.000,1224.8,1223.3,search,STAY
5992.3,0.16,MCS8·MIMO·160MHz·0.8us,8,2,160,20.2,0.00,0.000,0.0,1223.3,search,STAY
5992.4,0.20,MCS7·MIMO·160MHz·0.8us,7,2,160,20.2,0.00,1.000,1224.8,1223.3,search,STAY
5992.6,0.16,MCS8·MIMO·160MHz·0.8us,8,2,160,20.2,0.00,0.000,0.0,1223.3,search,STAY
5992.8,0.20,MCS7·MIMO·160MHz·0.8us,7,2,160,20.2,0.00,1.000,1224.8,1223.2,search,STAY
5993.0,0.16,MCS8·MIMO·160MHz·0.8us,8,2,160,20.2,0.00,0.000,0.0,1223.2,search,STAY
5993.2,0.20,MCS7·MIMO·160MHz·0.8us,7,2,160,20.2,0.00,1.000,1224.8,1223.2,search,STAY
5993.4,0.16,MCS8·MIMO·160MHz·0.8us,8,2,160,20.2,0.00,0.000,0.0,1223.2,search,STAY
5993.5,0.20,MCS7·MIMO·160MHz·0.8us,7,2,160,20.2,0.00,1.000,1224.8,1223.1,search,STAY
5993.7,0.16,MCS8·MIMO·160MHz·0.8us,8,2,160,20.2,0.00,0.000,0.0,1223.1,search,STAY
5993.9,0.20,MCS7·MIMO·160MHz·0.8us,7,2,160,20.2,0.00,1.000,1224.8,1223.1,search,STAY
5994.1,0.16,MCS8·MIMO·160MHz·0.8us,8,2,160,20.1,0.00,0.000,0.0,1223.1,search,STAY
5994.2,0.20,MCS7·MIMO·160MHz·0.8us,7,2,160,20.1,0.00,1.000,1224.8,1223.1,search,STAY
5994.4,0.16,MCS8·MIMO·160MHz·0.8us,8,2,160,20.1,0.00,0.000,0.0,1223.0,search,STAY
5994.6,0.20,MCS7·MIMO·160MHz·0.8us,7,2,160,20.1,0.00,1.000,1224.8,1223.0,search,STAY
5994.8,0.16,MCS8·MIMO·160MHz·0.8us,8,2,160,20.1,0.00,0.000,0.0,1223.0,search,STAY
5995.0,0.20,MCS7·MIMO·160MHz·0.8us,7,2,160,20.1,0.00,1.000,1224.8,1223.0,search,STAY
5995.2,0.16,MCS8·MIMO·160MHz·0.8us,8,2,160,20.1,0.00,0.000,0.0,1222.9,search,STAY
5995.3,0.20,MCS7·MIMO·160MHz·0.8us,7,2,160,20.1,0.00,1.000,1224.8,1222.9,search,STAY
5995.5,0.16,MCS8·MIMO·160MHz·0.8us,8,2,160,20.1,0.00,0.000,0.0,1222.9,search,STAY
5995.7,0.20,MCS7·MIMO·160MHz·0.8us,7,2,160,20.1,0.00,1.000,1224.8,1222.9,search,STAY
5995.9,0.16,MCS8·MIMO·160MHz·0.8us,8,2,160,20.1,0.00,0.000,0.0,1222.9,search,STAY
5996.0,0.39,MCS7·SISO·160MHz·0.8us,7,1,160,20.1,0.00,1.000,612.4,1222.8,search,SEARCH
5996.4,0.39,MCS7·MIMO·80MHz·0.8us,7,2,80,20.1,0.00,1.000,612.4,1222.8,search,SEARCH
5996.8,0.23,MCS7·MIMO·160MHz·3.2us,7,2,160,20.1,0.00,1.000,1041.1,1222.7,search,SEARCH
5997.1,23.05,MCS7·MIMO·160MHz·3.2us,7,2,160,20.1,0.00,0.998,1039.0,1222.7,dwell,STAY
6020.1,0.19,MCS8·MIMO·160MHz·3.2us,8,2,160,20.5,0.00,0.000,0.0,1224.8,search,STAY
6020.3,0.23,MCS7·MIMO·160MHz·3.2us,7,2,160,20.5,0.00,1.000,1041.1,1224.8,search,STAY
6020.5,0.19,MCS8·MIMO·160MHz·3.2us,8,2,160,20.5,0.00,0.000,0.0,1224.8,search,STAY
6020.7,0.23,MCS7·MIMO·160MHz·3.2us,7,2,160,20.5,0.00,1.000,1041.1,1224.8,search,STAY
6021.0,0.19,MCS8·MIMO·160MHz·3.2us,8,2,160,20.5,0.00,0.000,0.0,1224.8,search,STAY
6021.1,0.23,MCS7·MIMO·160MHz·3.2us,7,2,160,20.5,0.00,1.000,1041.1,1224.8,search,STAY
6021.4,0.19,MCS8·MIMO·160MHz·3.2us,8,2,160,20.5,0.00,0.000,0.0,1224.8,search,STAY
6021.6,0.23,MCS7·MIMO·160MHz·3.2us,7,2,160,20.5,0.00,1.000,1041.1,1224.8,search,STAY
6021.8,0.19,MCS8·MIMO·160MHz·3.2us,8,2,160,20.5,0.00,0.000,0.0,1224.8,search,STAY
6022.0,0.23,MCS7·MIMO·160MHz·3.2us,7,2,160,20.5,0.00,1.000,1041.1,1224.8,search,STAY
6022.2,0.19,MCS8·MIMO·160MHz·3.2us,8,2,160,20.6,0.00,0.000,0.0,1224.8,search,STAY
6022.4,0.23,MCS7·MIMO·160MHz·3.2us,7,2,160,20.6,0.00,1.000,1041.1,1224.8,search,STAY
6022.6,0.19,MCS8·MIMO·160MHz·3.2us,8,2,160,20.6,0.00,0.000,0.0,1224.8,search,STAY
6022.8,0.23,MCS7·MIMO·160MHz·3.2us,7,2,160,20.6,0.00,1.000,1041.1,1224.8,search,STAY
6023.1,0.19,MCS8·MIMO·160MHz·3.2us,8,2,160,20.6,0.00,0.000,0.0,1224.8,search,STAY
6023.3,0.23,MCS7·MIMO·160MHz·3.2us,7,2,160,20.6,0.00,1.000,1041.1,1224.8,search,STAY
6023.5,0.19,MCS8·MIMO·160MHz·3.2us,8,2,160,20.6,0.00,0.000,0.0,1224.8,search,STAY
6023.7,0.23,MCS7·MIMO·160MHz·3.2us,7,2,160,20.6,0.00,1.000,1041.1,1224.8,search,STAY
6023.9,0.19,MCS8·MIMO·160MHz·3.2us,8,2,160,20.6,0.00,0.000,0.0,1224.8,search,STAY
6024.1,0.23,MCS7·MIMO·160MHz·3.2us,7,2,160,20.6,0.00,1.000,1041.1,1224.8,search,STAY
6024.3,0.19,MCS8·MIMO·160MHz·3.2us,8,2,160,20.6,0.00,0.000,0.0,1224.8,search,STAY
6024.5,0.23,MCS7·MIMO·160MHz·3.2us,7,2,160,20.6,0.00,1.000,1041.1,1224.8,search,STAY
6024.8,0.19,MCS8·MIMO·160MHz·3.2us,8,2,160,20.6,0.00,0.000,0.0,1224.8,search,STAY
6024.9,0.23,MCS7·MIMO·160MHz·3.2us,7,2,160,20.6,0.00,1.000,1041.1,1224.8,search,STAY
6025.2,0.19,MCS8·MIMO·160MHz·3.2us,8,2,160,20.6,0.00,0.000,0.0,1224.8,search,STAY
6025.4,0.23,MCS7·MIMO·160MHz·3.2us,7,2,160,20.6,0.00,1.000,1041.1,1224.8,search,STAY
6025.6,0.19,MCS8·MIMO·160MHz·3.2us,8,2,160,20.6,0.00,0.000,0.0,1224.8,search,STAY
6025.8,0.23,MCS7·MIMO·160MHz·3.2us,7,2,160,20.6,0.00,1.000,1041.1,1224.8,search,STAY
6026.0,0.19,MCS8·MIMO·160MHz·3.2us,8,2,160,20.7,0.00,0.000,0.0,1224.8,search,STAY
6026.2,0.23,MCS7·MIMO·160MHz·3.2us,7,2,160,20.7,0.00,1.000,1041.1,1224.8,search,STAY
6026.4,0.19,MCS8·MIMO·160MHz·3.2us,8,2,160,20.7,0.00,0.000,0.0,1224.8,search,STAY
6026.6,0.23,MCS7·MIMO·160MHz·3.2us,7,2,160,20.7,0.00,1.000,1041.1,1224.8,search,STAY
6026.9,0.19,MCS8·MIMO·160MHz·3.2us,8,2,160,20.7,0.00,0.000,0.0,1224.8,search,STAY
6027.1,0.23,MCS7·MIMO·160MHz·3.2us,7,2,160,20.7,0.00,1.000,1041.1,1224.8,search,STAY
6027.3,0.19,MCS8·MIMO·160MHz·3.2us,8,2,160,20.7,0.00,0.000,0.0,1224.8,search,STAY
6027.5,0.23,MCS7·MIMO·160MHz·3.2us,7,2,160,20.7,0.00,1.000,1041.1,1224.8,search,STAY
6027.7,0.19,MCS8·MIMO·160MHz·3.2us,8,2,160,20.7,0.00,0.000,0.0,1224.8,search,STAY
6027.9,0.23,MCS7·MIMO·160MHz·3.2us,7,2,160,20.7,0.00,1.000,1041.1,1224.8,search,STAY
6028.1,0.19,MCS8·MIMO·160MHz·3.2us,8,2,160,20.7,0.00,0.000,0.0,1224.8,search,STAY
6028.3,0.46,MCS7·SISO·160MHz·3.2us,7,1,160,20.7,0.00,1.000,520.5,1224.8,search,SEARCH
6028.8,0.46,MCS7·MIMO·80MHz·3.2us,7,2,80,20.7,0.00,1.000,520.5,1224.8,search,SEARCH
6029.3,0.20,MCS7·MIMO·160MHz·0.8us,7,2,160,20.7,0.00,1.000,1224.8,1224.8,search,SEARCH
6029.4,19.60,MCS7·MIMO·160MHz·0.8us,7,2,160,20.7,0.00,1.000,1224.8,1224.8,dwell,STAY
6049.0,0.16,MCS8·MIMO·160MHz·0.8us,8,2,160,21.2,0.00,0.050,73.5,1224.8,search,STAY
6049.2,0.20,MCS7·MIMO·160MHz·0.8us,7,2,160,21.2,0.00,1.000,1224.8,1224.8,search,STAY
6049.4,0.16,MCS8·MIMO·160MHz·0.8us,8,2,160,21.2,0.00,0.050,73.5,1224.8,search,STAY
6049.6,0.20,MCS7·MIMO·160MHz·0.8us,7,2,160,21.2,0.00,1.000,1224.8,1224.8,search,STAY
6049.8,0.16,MCS8·MIMO·160MHz·0.8us,8,2,160,21.2,0.00,0.050,73.5,1224.8,search,STAY
6049.9,0.20,MCS7·MIMO·160MHz·0.8us,7,2,160,21.2,0.00,1.000,1224.8,1224.8,search,STAY
6050.1,0.16,MCS8·MIMO·160MHz·0.8us,8,2,160,21.3,0.00,0.050,73.5,1224.8,search,STAY
6050.3,0.20,MCS7·MIMO·160MHz·0.8us,7,2,160,21.3,0.00,1.000,1224.8,1224.8,search,STAY
6050.5,0.16,MCS8·MIMO·160MHz·0.8us,8,2,160,21.3,0.00,0.050,73.5,1224.8,search,STAY
6050.6,0.20,MCS7·MIMO·160MHz·0.8us,7,2,160,21.3,0.00,1.000,1224.8,1224.8,search,STAY
6050.8,0.16,MCS8·MIMO·160MHz·0.8us,8,2,160,21.3,0.00,0.050,73.5,1224.8,search,STAY
6051.0,0.20,MCS7·MIMO·160MHz·0.8us,7,2,160,21.3,0.00,1.000,1224.8,1224.8,search,STAY
6051.2,0.16,MCS8·MIMO·160MHz·0.8us,8,2,160,21.3,0.00,0.050,73.5,1224.8,search,STAY
6051.4,0.20,MCS7·MIMO·160MHz·0.8us,7,2,160,21.3,0.00,1.000,1224.8,1224.8,search,STAY
6051.6,0.16,MCS8·MIMO·160MHz·0.8us,8,2,160,21.3,0.00,0.050,73.5,1224.8,search,STAY
6051.7,0.20,MCS7·MIMO·160MHz·0.8us,7,2,160,21.3,0.00,1.000,1224.8,1224.8,search,STAY
6051.9,0.16,MCS8·MIMO·160MHz·0.8us,8,2,160,21.3,0.00,0.050,73.5,1224.8,search,STAY
6052.1,0.20,MCS7·MIMO·160MHz·0.8us,7,2,160,21.3,0.00,1.000,1224.8,1224.8,search,STAY
6052.3,0.16,MCS8·MIMO·160MHz·0.8us,8,2,160,21.3,0.00,0.050,73.5,1224.8,search,STAY
6052.4,0.20,MCS7·MIMO·160MHz·0.8us,7,2,160,21.3,0.00,1.000,1224.8,1224.8,search,STAY
6052.6,0.16,MCS8·MIMO·160MHz·0.8us,8,2,160,21.3,0.00,0.100,147.0,1224.8,search,STAY
6052.8,0.20,MCS7·MIMO·160MHz·0.8us,7,2,160,21.3,0.00,1.000,1224.8,1224.8,search,STAY
6053.0,0.16,MCS8·MIMO·160MHz·0.8us,8,2,160,21.3,0.00,0.100,147.0,1224.8,search,STAY
6053.2,0.20,MCS7·MIMO·160MHz·0.8us,7,2,160,21.3,0.00,1.000,1224.8,1224.8,search,STAY
6053.4,0.16,MCS8·MIMO·160MHz·0.8us,8,2,160,21.3,0.00,0.100,147.0,1224.8,search,STAY
6053.5,0.20,MCS7·MIMO·160MHz·0.8us,7,2,160,21.3,0.00,1.000,1224.8,1224.8,search,STAY
6053.7,0.16,MCS8·MIMO·160MHz·0.8us,8,2,160,21.3,0.00,0.100,147.0,1224.8,search,STAY
6053.9,0.20,MCS7·MIMO·160MHz·0.8us,7,2,160,21.3,0.00,1.000,1224.8,1224.8,search,STAY
6054.1,0.16,MCS8·MIMO·160MHz·0.8us,8,2,160,21.4,0.00,0.100,147.0,1224.8,search,STAY
6054.2,0.20,MCS7·MIMO·160MHz·0.8us,7,2,160,21.4,0.00,1.000,1224.8,1224.8,search,STAY
6054.4,0.16,MCS8·MIMO·160MHz·0.8us,8,2,160,21.4,0.00,0.100,147.0,1224.8,search,STAY
6054.6,0.20,MCS7·MIMO·160MHz·0.8us,7,2,160,21.4,0.00,1.000,1224.8,1224.8,search,STAY
6054.8,0.16,MCS8·MIMO·160MHz·0.8us,8,2,160,21.4,0.00,0.100,147.0,1224.8,search,STAY
6055.0,0.20,MCS7·MIMO·160MHz·0.8us,7,2,160,21.4,0.00,1.000,1224.8,1224.8,search,STAY
6055.1,0.16,MCS8·MIMO·160MHz·0.8us,8,2,160,21.4,0.00,0.100,147.0,1224.8,search,STAY
6055.3,0.20,MCS7·MIMO·160MHz·0.8us,7,2,160,21.4,0.00,1.000,1224.8,1224.8,search,STAY
6055.5,0.16,MCS8·MIMO·160MHz·0.8us,8,2,160,21.4,0.00,0.100,147.0,1224.8,search,STAY
6055.7,0.20,MCS7·MIMO·160MHz·0.8us,7,2,160,21.4,0.00,1.000,1224.8,1224.8,search,STAY
6055.9,0.16,MCS8·MIMO·160MHz·0.8us,8,2,160,21.4,0.00,0.100,147.0,1224.8,search,STAY
6056.0,0.20,MCS7·MIMO·160MHz·0.8us,7,2,160,21.4,0.00,1.000,1224.8,1224.8,search,STAY
6056.2,0.16,MCS8·MIMO·160MHz·0.8us,8,2,160,21.4,0.00,0.100,147.0,1224.8,search,STAY
6056.4,0.20,MCS7·MIMO·160MHz·0.8us,7,2,160,21.4,0.00,1.000,1224.8,1224.8,search,STAY
6056.6,0.16,MCS8·MIMO·160MHz·0.8us,8,2,160,21.4,0.00,0.100,147.0,1224.8,search,STAY
6056.7,0.39,MCS7·SISO·160MHz·0.8us,7,1,160,21.4,0.00,1.000,612.4,1224.8,search,SEARCH
6057.1,0.39,MCS7·MIMO·80MHz·0.8us,7,2,80,21.4,0.00,1.000,612.4,1224.8,search,SEARCH
6057.5,0.23,MCS7·MIMO·160MHz·3.2us,7,2,160,21.4,0.00,1.000,1041.1,1224.8,search,SEARCH
6057.8,23.05,MCS7·MIMO·160MHz·3.2us,7,2,160,21.4,0.00,1.000,1041.1,1224.8,dwell,STAY
6080.8,0.19,MCS8·MIMO·160MHz·3.2us,8,2,160,22.0,0.00,0.950,1187.0,1321.0,search,STAY
6081.0,0.23,MCS7·MIMO·160MHz·3.2us,7,2,160,22.0,0.00,1.000,1041.1,1322.3,search,STAY
6081.2,0.19,MCS8·MIMO·160MHz·3.2us,8,2,160,22.0,0.00,0.950,1187.0,1323.8,search,STAY
6081.4,0.23,MCS7·MIMO·160MHz·3.2us,7,2,160,22.0,0.00,1.000,1041.1,1325.1,search,STAY
6081.7,0.19,MCS8·MIMO·160MHz·3.2us,8,2,160,22.0,0.00,0.950,1187.0,1326.6,search,STAY
6081.9,0.23,MCS7·MIMO·160MHz·3.2us,7,2,160,22.0,0.00,1.000,1041.1,1327.9,search,STAY
6082.1,0.19,MCS8·MIMO·160MHz·3.2us,8,2,160,22.1,0.00,0.950,1187.0,1329.4,search,STAY
6082.3,0.23,MCS7·MIMO·160MHz·3.2us,7,2,160,22.1,0.00,1.000,1041.1,1330.7,search,STAY
6082.5,0.19,MCS8·MIMO·160MHz·3.2us,8,2,160,22.1,0.00,0.950,1187.0,1332.2,search,STAY
6082.7,0.23,MCS7·MIMO·160MHz·3.2us,7,2,160,22.1,0.00,1.000,1041.1,1333.5,search,STAY
6082.9,0.19,MCS8·MIMO·160MHz·3.2us,8,2,160,22.1,0.00,0.950,1187.0,1335.0,search,STAY
6083.1,19.21,MCS8·MIMO·160MHz·3.2us,8,2,160,22.1,0.00,0.970,1211.4,1336.3,dwell,STAY
6102.3,19.21,MCS8·MIMO·160MHz·3.2us,8,2,160,22.6,0.00,0.996,1243.9,1449.8,dwell,STAY
6121.5,0.35,MCS9·SISO·160MHz·3.2us,9,1,160,23.0,0.00,1.000,694.1,1463.9,search,SEARCH
6121.9,0.35,MCS9·MIMO·80MHz·3.2us,9,2,80,23.0,0.00,0.000,0.0,1463.8,search,SEARCH
6122.2,0.15,MCS9·MIMO·160MHz·0.8us,9,2,160,23.1,0.00,0.050,81.7,1463.8,search,SEARCH
6122.4,17.29,MCS9·MIMO·160MHz·3.2us,9,2,160,23.1,0.00,0.176,245.0,1463.8,dwell,STAY
6139.7,0.38,MCS8·SISO·160MHz·3.2us,8,1,160,23.5,0.00,1.000,624.8,1461.2,search,SEARCH
6140.0,0.38,MCS8·MIMO·80MHz·3.2us,8,2,80,23.5,0.00,1.000,624.8,1461.2,search,SEARCH
6140.4,0.16,MCS8·MIMO·160MHz·0.8us,8,2,160,23.5,0.00,1.000,1470.0,1461.4,search,SEARCH
6140.6,16.33,MCS8·MIMO·160MHz·0.8us,8,2,160,23.5,0.00,0.994,1461.2,1461.4,dwell,STAY
6156.9,0.20,MCS7·MIMO·160MHz·0.8us,7,2,160,23.9,0.00,1.000,1224.8,1468.6,search,STAY
6157.1,0.16,MCS8·MIMO·160MHz·0.8us,8,2,160,23.9,0.00,1.000,1470.0,1468.7,search,STAY
6157.3,0.20,MCS7·MIMO·160MHz·0.8us,7,2,160,23.9,0.00,1.000,1224.8,1468.8,search,STAY
6157.5,0.16,MCS8·MIMO·160MHz·0.8us,8,2,160,23.9,0.00,1.000,1470.0,1468.9,search,STAY
6157.6,0.20,MCS7·MIMO·160MHz·0.8us,7,2,160,23.9,0.00,1.000,1224.8,1469.0,search,STAY
6157.8,0.16,MCS8·MIMO·160MHz·0.8us,8,2,160,23.9,0.00,1.000,1470.0,1469.0,search,STAY
6158.0,16.33,MCS8·MIMO·160MHz·0.8us,8,2,160,23.9,0.00,1.000,1469.3,1469.1,dwell,STAY
6174.3,0.15,MCS9·MIMO·160MHz·0.8us,9,2,160,24.4,0.00,0.950,1551.5,1574.9,search,STAY
6174.5,0.16,MCS8·MIMO·160MHz·0.8us,8,2,160,24.4,0.00,1.000,1470.0,1575.2,search,STAY
6174.6,0.15,MCS9·MIMO·160MHz·0.8us,9,2,160,24.4,0.00,0.950,1551.5,1575.4,search,STAY
6174.8,0.16,MCS8·MIMO·160MHz·0.8us,8,2,160,24.4,0.00,1.000,1470.0,1575.7,search,STAY
6174.9,0.15,MCS9·MIMO·160MHz·0.8us,9,2,160,24.4,0.00,0.950,1551.5,1575.9,search,STAY
6175.1,0.16,MCS8·MIMO·160MHz·0.8us,8,2,160,24.4,0.00,1.000,1470.0,1576.2,search,STAY
6175.3,0.15,MCS9·MIMO·160MHz·0.8us,9,2,160,24.4,0.00,0.950,1551.5,1576.5,search,STAY
6175.4,0.16,MCS8·MIMO·160MHz·0.8us,8,2,160,24.4,0.00,1.000,1470.0,1576.7,search,STAY
6175.6,0.15,MCS9·MIMO·160MHz·0.8us,9,2,160,24.4,0.00,0.950,1551.5,1577.0,search,STAY
6175.7,0.16,MCS8·MIMO·160MHz·0.8us,8,2,160,24.4,0.00,1.000,1470.0,1577.2,search,STAY
6175.9,0.15,MCS9·MIMO·160MHz·0.8us,9,2,160,24.4,0.00,0.950,1551.5,1577.5,search,STAY
6176.0,14.70,MCS9·MIMO·160MHz·0.8us,9,2,160,24.4,0.00,0.966,1577.7,1577.7,dwell,STAY
6190.7,0.29,MCS9·SISO·160MHz·0.8us,9,1,160,24.8,0.00,1.000,816.6,1607.0,search,SEARCH
6191.0,0.29,MCS9·MIMO·80MHz·0.8us,9,2,80,24.8,0.00,0.550,449.1,1607.6,search,SEARCH
6191.3,0.17,MCS9·MIMO·160MHz·3.2us,9,2,160,24.8,0.00,1.000,1388.2,1608.2,search,SEARCH
6191.5,14.70,MCS9·MIMO·160MHz·0.8us,9,2,160,24.8,0.00,0.985,1608.7,1608.6,dwell,STAY
6206.2,0.13,MCS10·MIMO·160MHz·0.8us,10,2,160,25.2,0.00,0.000,0.0,1626.7,search,STAY
6206.3,0.15,MCS9·MIMO·160MHz·0.8us,9,2,160,25.2,0.00,1.000,1633.2,1626.7,search,STAY
6206.5,0.13,MCS10·MIMO·160MHz·0.8us,10,2,160,25.2,0.00,0.000,0.0,1626.7,search,STAY
6206.6,0.15,MCS9·MIMO·160MHz·0.8us,9,2,160,25.2,0.00,1.000,1633.2,1626.7,search,STAY
6206.7,0.13,MCS10·MIMO·160MHz·0.8us,10,2,160,25.2,0.00,0.000,0.0,1626.7,search,STAY
6206.9,0.15,MCS9·MIMO·160MHz·0.8us,9,2,160,25.2,0.00,1.000,1633.2,1626.7,search,STAY
6207.0,0.13,MCS10·MIMO·160MHz·0.8us,10,2,160,25.2,0.00,0.000,0.0,1626.7,search,STAY
6207.1,0.15,MCS9·MIMO·160MHz·0.8us,9,2,160,25.2,0.00,1.000,1633.2,1626.7,search,STAY
6207.3,0.13,MCS10·MIMO·160MHz·0.8us,10,2,160,25.2,0.00,0.000,0.0,1626.7,search,STAY
6207.4,0.15,MCS9·MIMO·160MHz·0.8us,9,2,160,25.2,0.00,1.000,1633.2,1626.7,search,STAY
6207.6,0.13,MCS10·MIMO·160MHz·0.8us,10,2,160,25.2,0.00,0.000,0.0,1626.7,search,STAY
6207.7,0.15,MCS9·MIMO·160MHz·0.8us,9,2,160,25.2,0.00,1.000,1633.2,1626.7,search,STAY
6207.8,0.13,MCS10·MIMO·160MHz·0.8us,10,2,160,25.2,0.00,0.000,0.0,1626.7,search,STAY
6208.0,0.15,MCS9·MIMO·160MHz·0.8us,9,2,160,25.2,0.00,1.000,1633.2,1626.7,search,STAY
6208.1,0.13,MCS10·MIMO·160MHz·0.8us,10,2,160,25.2,0.00,0.000,0.0,1626.7,search,STAY
6208.2,0.15,MCS9·MIMO·160MHz·0.8us,9,2,160,25.2,0.00,1.000,1633.2,1626.7,search,STAY
6208.4,0.13,MCS10·MIMO·160MHz·0.8us,10,2,160,25.2,0.00,0.000,0.0,1626.7,search,STAY
6208.5,0.15,MCS9·MIMO·160MHz·0.8us,9,2,160,25.2,0.00,1.000,1633.2,1626.7,search,STAY
6208.7,0.13,MCS10·MIMO·160MHz·0.8us,10,2,160,25.2,0.00,0.000,0.0,1626.7,search,STAY
6208.8,0.15,MCS9·MIMO·160MHz·0.8us,9,2,160,25.2,0.00,1.000,1633.2,1626.7,search,STAY
6208.9,0.13,MCS10·MIMO·160MHz·0.8us,10,2,160,25.2,0.00,0.000,0.0,1626.7,search,STAY
6209.1,0.15,MCS9·MIMO·160MHz·0.8us,9,2,160,25.2,0.00,1.000,1633.2,1626.7,search,STAY
6209.2,0.13,MCS10·MIMO·160MHz·0.8us,10,2,160,25.2,0.00,0.000,0.0,1626.7,search,STAY
6209.4,0.15,MCS9·MIMO·160MHz·0.8us,9,2,160,25.2,0.00,1.000,1633.2,1626.7,search,STAY
6209.5,0.13,MCS10·MIMO·160MHz·0.8us,10,2,160,25.2,0.00,0.000,0.0,1626.7,search,STAY
6209.6,0.15,MCS9·MIMO·160MHz·0.8us,9,2,160,25.2,0.00,1.000,1633.2,1626.7,search,STAY
6209.8,0.13,MCS10·MIMO·160MHz·0.8us,10,2,160,25.2,0.00,0.000,0.0,1626.7,search,STAY
6209.9,0.15,MCS9·MIMO·160MHz·0.8us,9,2,160,25.2,0.00,1.000,1633.2,1626.7,search,STAY
6210.1,0.13,MCS10·MIMO·160MHz·0.8us,10,2,160,25.3,0.00,0.000,0.0,1626.7,search,STAY
6210.2,0.15,MCS9·MIMO·160MHz·0.8us,9,2,160,25.3,0.00,1.000,1633.2,1626.7,search,STAY
6210.3,0.13,MCS10·MIMO·160MHz·0.8us,10,2,160,25.3,0.00,0.000,0.0,1626.7,search,STAY
6210.5,0.15,MCS9·MIMO·160MHz·0.8us,9,2,160,25.3,0.00,1.000,1633.2,1626.7,search,STAY
6210.6,0.13,MCS10·MIMO·160MHz·0.8us,10,2,160,25.3,0.00,0.000,0.0,1626.7,search,STAY
6210.7,0.15,MCS9·MIMO·160MHz·0.8us,9,2,160,25.3,0.00,1.000,1633.2,1626.7,search,STAY
6210.9,0.13,MCS10·MIMO·160MHz·0.8us,10,2,160,25.3,0.00,0.000,0.0,1626.7,search,STAY
6211.0,0.15,MCS9·MIMO·160MHz·0.8us,9,2,160,25.3,0.00,1.000,1633.2,1626.7,search,STAY
6211.2,0.13,MCS10·MIMO·160MHz·0.8us,10,2,160,25.3,0.00,0.000,0.0,1626.7,search,STAY
6211.3,0.29,MCS9·SISO·160MHz·0.8us,9,1,160,25.3,0.00,1.000,816.6,1626.7,search,SEARCH
6211.6,0.29,MCS9·MIMO·80MHz·0.8us,9,2,80,25.3,0.00,0.950,775.8,1626.7,search,SEARCH
6211.9,0.17,MCS9·MIMO·160MHz·3.2us,9,2,160,25.3,0.00,1.000,1388.2,1626.7,search,SEARCH
6212.1,17.29,MCS9·MIMO·160MHz·3.2us,9,2,160,25.3,0.00,0.997,1384.1,1626.7,dwell,STAY
6229.4,0.19,MCS8·MIMO·160MHz·3.2us,8,2,160,25.7,0.00,1.000,1249.5,1629.7,search,STAY
6229.5,0.17,MCS9·MIMO·160MHz·3.2us,9,2,160,25.7,0.00,1.000,1388.2,1629.8,search,STAY
6229.7,0.19,MCS8·MIMO·160MHz·3.2us,8,2,160,25.7,0.00,1.000,1249.5,1629.8,search,STAY
6229.9,0.17,MCS9·MIMO·160MHz·3.2us,9,2,160,25.7,0.00,1.000,1388.2,1629.9,search,STAY
6230.1,17.29,MCS9·MIMO·160MHz·3.2us,9,2,160,25.8,0.00,0.998,1385.4,1630.0,dwell,STAY
6247.4,0.15,MCS10·MIMO·160MHz·3.2us,10,2,160,26.2,0.00,0.250,390.4,1630.8,search,STAY
6247.5,0.17,MCS9·MIMO·160MHz·3.2us,9,2,160,26.2,0.00,1.000,1388.2,1630.7,search,STAY
6247.7,0.15,MCS10·MIMO·160MHz·3.2us,10,2,160,26.2,0.00,0.250,390.4,1630.7,search,STAY
6247.8,0.17,MCS9·MIMO·160MHz·3.2us,9,2,160,26.2,0.00,1.000,1388.2,1630.6,search,STAY
6248.0,0.15,MCS10·MIMO·160MHz·3.2us,10,2,160,26.2,0.00,0.250,390.4,1630.6,search,STAY
6248.2,0.17,MCS9·MIMO·160MHz·3.2us,9,2,160,26.2,0.00,1.000,1388.2,1630.5,search,STAY
6248.3,0.15,MCS10·MIMO·160MHz·3.2us,10,2,160,26.2,0.00,0.250,390.4,1630.5,search,STAY
6248.5,0.17,MCS9·MIMO·160MHz·3.2us,9,2,160,26.2,0.00,1.000,1388.2,1630.4,search,STAY
6248.7,0.15,MCS10·MIMO·160MHz·3.2us,10,2,160,26.2,0.00,0.250,390.4,1630.4,search,STAY
6248.8,0.17,MCS9·MIMO·160MHz·3.2us,9,2,160,26.2,0.00,1.000,1388.2,1630.3,search,STAY
6249.0,0.15,MCS10·MIMO·160MHz·3.2us,10,2,160,26.2,0.00,0.300,468.5,1630.3,search,STAY
6249.2,0.17,MCS9·MIMO·160MHz·3.2us,9,2,160,26.2,0.00,1.000,1388.2,1630.2,search,STAY
6249.3,0.15,MCS10·MIMO·160MHz·3.2us,10,2,160,26.2,0.00,0.300,468.5,1630.2,search,STAY
6249.5,0.17,MCS9·MIMO·160MHz·3.2us,9,2,160,26.2,0.00,1.000,1388.2,1630.1,search,STAY
6249.7,0.15,MCS10·MIMO·160MHz·3.2us,10,2,160,26.2,0.00,0.300,468.5,1630.0,search,STAY
6249.8,0.17,MCS9·MIMO·160MHz·3.2us,9,2,160,26.2,0.00,1.000,1388.2,1630.0,search,STAY
6250.0,0.15,MCS10·MIMO·160MHz·3.2us,10,2,160,26.2,0.00,0.300,468.5,1629.9,search,STAY
6250.1,0.17,MCS9·MIMO·160MHz·3.2us,9,2,160,26.3,0.00,1.000,1388.2,1629.9,search,STAY
6250.3,0.15,MCS10·MIMO·160MHz·3.2us,10,2,160,26.3,0.00,0.300,468.5,1629.8,search,STAY
6250.5,0.17,MCS9·MIMO·160MHz·3.2us,9,2,160,26.3,0.00,1.000,1388.2,1629.8,search,STAY
6250.6,0.15,MCS10·MIMO·160MHz·3.2us,10,2,160,26.3,0.00,0.350,546.6,1629.7,search,STAY
6250.8,0.17,MCS9·MIMO·160MHz·3.2us,9,2,160,26.3,0.00,1.000,1388.2,1629.7,search,STAY
6251.0,0.15,MCS10·MIMO·160MHz·3.2us,10,2,160,26.3,0.00,0.350,546.6,1629.6,search,STAY
6251.1,0.17,MCS9·MIMO·160MHz·3.2us,9,2,160,26.3,0.00,1.000,1388.2,1629.6,search,STAY
6251.3,0.15,MCS10·MIMO·160MHz·3.2us,10,2,160,26.3,0.00,0.350,546.6,1629.5,search,STAY
6251.4,0.17,MCS9·MIMO·160MHz·3.2us,9,2,160,26.3,0.00,1.000,1388.2,1629.5,search,STAY
6251.6,0.15,MCS10·MIMO·160MHz·3.2us,10,2,160,26.3,0.00,0.350,546.6,1629.4,search,STAY
6251.8,0.17,MCS9·MIMO·160MHz·3.2us,9,2,160,26.3,0.00,1.000,1388.2,1629.4,search,STAY
6251.9,0.15,MCS10·MIMO·160MHz·3.2us,10,2,160,26.3,0.00,0.350,546.6,1629.3,search,STAY
6252.1,0.17,MCS9·MIMO·160MHz·3.2us,9,2,160,26.3,0.00,1.000,1388.2,1629.2,search,STAY
6252.3,0.15,MCS10·MIMO·160MHz·3.2us,10,2,160,26.3,0.00,0.400,624.6,1629.2,search,STAY
6252.4,0.17,MCS9·MIMO·160MHz·3.2us,9,2,160,26.3,0.00,1.000,1388.2,1629.1,search,STAY
6252.6,0.15,MCS10·MIMO·160MHz·3.2us,10,2,160,26.3,0.00,0.400,624.6,1629.1,search,STAY
6252.7,0.17,MCS9·MIMO·160MHz·3.2us,9,2,160,26.3,0.00,1.000,1388.2,1629.0,search,STAY
6252.9,0.31,MCS10·SISO·160MHz·3.2us,10,1,160,26.3,0.00,1.000,780.8,1629.0,search,SEARCH
6253.2,0.31,MCS10·MIMO·80MHz·3.2us,10,2,80,26.3,0.00,0.000,0.0,1628.9,search,SEARCH
6253.5,0.13,MCS10·MIMO·160MHz·0.8us,10,2,160,26.3,0.00,0.000,0.0,1628.8,search,SEARCH
6253.7,15.37,MCS10·MIMO·160MHz·3.2us,10,2,160,26.3,0.00,0.420,655.9,1628.7,dwell,STAY
6269.0,0.35,MCS9·SISO·160MHz·3.2us,9,1,160,26.7,0.00,1.000,694.1,1628.1,search,SEARCH
6269.4,0.35,MCS9·MIMO·80MHz·3.2us,9,2,80,26.7,0.00,1.000,694.1,1628.2,search,SEARCH
6269.7,0.15,MCS9·MIMO·160MHz·0.8us,9,2,160,26.7,0.00,1.000,1633.2,1628.3,search,SEARCH
6269.9,14.70,MCS9·MIMO·160MHz·0.8us,9,2,160,26.7,0.00,0.997,1628.3,1628.3,dwell,STAY
6284.6,0.13,MCS10·MIMO·160MHz·0.8us,10,2,160,27.1,0.00,0.500,918.6,1630.7,search,STAY
6284.7,0.15,MCS9·MIMO·160MHz·0.8us,9,2,160,27.1,0.00,1.000,1633.2,1630.7,search,STAY
6284.8,0.13,MCS10·MIMO·160MHz·0.8us,10,2,160,27.1,0.00,0.500,918.6,1630.7,search,STAY
6285.0,0.15,MCS9·MIMO·160MHz·0.8us,9,2,160,27.1,0.00,1.000,1633.2,1630.7,search,STAY
6285.1,0.13,MCS10·MIMO·160MHz·0.8us,10,2,160,27.1,0.00,0.500,918.6,1630.8,search,STAY
6285.3,0.15,MCS9·MIMO·160MHz·0.8us,9,2,160,27.1,0.00,1.000,1633.2,1630.8,search,STAY
6285.4,0.13,MCS10·MIMO·160MHz·0.8us,10,2,160,27.1,0.00,0.500,918.6,1630.8,search,STAY
6285.5,0.15,MCS9·MIMO·160MHz·0.8us,9,2,160,27.1,0.00,1.000,1633.2,1630.8,search,STAY
6285.7,0.13,MCS10·MIMO·160MHz·0.8us,10,2,160,27.1,0.00,0.500,918.6,1630.9,search,STAY
6285.8,0.15,MCS9·MIMO·160MHz·0.8us,9,2,160,27.1,0.00,1.000,1633.2,1630.9,search,STAY
6286.0,0.13,MCS10·MIMO·160MHz·0.8us,10,2,160,27.1,0.00,0.500,918.6,1630.9,search,STAY
6286.1,0.15,MCS9·MIMO·160MHz·0.8us,9,2,160,27.2,0.00,1.000,1633.2,1630.9,search,STAY
6286.2,0.13,MCS10·MIMO·160MHz·0.8us,10,2,160,27.2,0.00,0.550,1010.5,1631.0,search,STAY
6286.4,0.15,MCS9·MIMO·160MHz·0.8us,9,2,160,27.2,0.00,1.000,1633.2,1631.0,search,STAY
6286.5,0.13,MCS10·MIMO·160MHz·0.8us,10,2,160,27.2,0.00,0.550,1010.5,1631.0,search,STAY
6286.6,0.15,MCS9·MIMO·160MHz·0.8us,9,2,160,27.2,0.00,1.000,1633.2,1631.0,search,STAY
6286.8,0.13,MCS10·MIMO·160MHz·0.8us,10,2,160,27.2,0.00,0.550,1010.5,1631.0,search,STAY
6286.9,0.15,MCS9·MIMO·160MHz·0.8us,9,2,160,27.2,0.00,1.000,1633.2,1631.1,search,STAY
6287.1,0.13,MCS10·MIMO·160MHz·0.8us,10,2,160,27.2,0.00,0.550,1010.5,1631.1,search,STAY
6287.2,0.15,MCS9·MIMO·160MHz·0.8us,9,2,160,27.2,0.00,1.000,1633.2,1631.1,search,STAY
6287.3,0.13,MCS10·MIMO·160MHz·0.8us,10,2,160,27.2,0.00,0.550,1010.5,1631.1,search,STAY
6287.5,0.15,MCS9·MIMO·160MHz·0.8us,9,2,160,27.2,0.00,1.000,1633.2,1631.2,search,STAY
6287.6,0.13,MCS10·MIMO·160MHz·0.8us,10,2,160,27.2,0.00,0.550,1010.5,1631.2,search,STAY
6287.8,0.15,MCS9·MIMO·160MHz·0.8us,9,2,160,27.2,0.00,1.000,1633.2,1631.2,search,STAY
6287.9,0.13,MCS10·MIMO·160MHz·0.8us,10,2,160,27.2,0.00,0.550,1010.5,1631.2,search,STAY
6288.0,0.15,MCS9·MIMO·160MHz·0.8us,9,2,160,27.2,0.00,1.000,1633.2,1631.2,search,STAY
6288.2,0.13,MCS10·MIMO·160MHz·0.8us,10,2,160,27.2,0.00,0.550,1010.5,1631.3,search,STAY
6288.3,0.15,MCS9·MIMO·160MHz·0.8us,9,2,160,27.2,0.00,1.000,1633.2,1631.3,search,STAY
6288.5,0.13,MCS10·MIMO·160MHz·0.8us,10,2,160,27.2,0.00,0.550,1010.5,1631.3,search,STAY
6288.6,0.15,MCS9·MIMO·160MHz·0.8us,9,2,160,27.2,0.00,1.000,1633.2,1631.3,search,STAY
6288.7,0.13,MCS10·MIMO·160MHz·0.8us,10,2,160,27.2,0.00,0.550,1010.5,1631.4,search,STAY
6288.9,0.15,MCS9·MIMO·160MHz·0.8us,9,2,160,27.2,0.00,1.000,1633.2,1631.4,search,STAY
6289.0,0.13,MCS10·MIMO·160MHz·0.8us,10,2,160,27.2,0.00,0.600,1102.3,1631.4,search,STAY
6289.1,0.15,MCS9·MIMO·160MHz·0.8us,9,2,160,27.2,0.00,1.000,1633.2,1631.4,search,STAY
6289.3,0.13,MCS10·MIMO·160MHz·0.8us,10,2,160,27.2,0.00,0.600,1102.3,1631.5,search,STAY
6289.4,0.15,MCS9·MIMO·160MHz·0.8us,9,2,160,27.2,0.00,1.000,1633.2,1631.5,search,STAY
6289.6,0.13,MCS10·MIMO·160MHz·0.8us,10,2,160,27.2,0.00,0.600,1102.3,1631.5,search,STAY
6289.7,0.15,MCS9·MIMO·160MHz·0.8us,9,2,160,27.2,0.00,1.000,1633.2,1631.5,search,STAY
6289.8,0.13,MCS10·MIMO·160MHz·0.8us,10,2,160,27.2,0.00,0.600,1102.3,1631.5,search,STAY
6290.0,0.15,MCS9·MIMO·160MHz·0.8us,9,2,160,27.2,0.00,1.000,1633.2,1631.6,search,STAY
6290.1,0.13,MCS10·MIMO·160MHz·0.8us,10,2,160,27.3,0.00,0.600,1102.3,1631.6,search,STAY
6290.3,0.15,MCS9·MIMO·160MHz·0.8us,9,2,160,27.3,0.00,1.000,1633.2,1631.6,search,STAY
6290.4,0.13,MCS10·MIMO·160MHz·0.8us,10,2,160,27.3,0.00,0.600,1102.3,1631.6,search,STAY
6290.5,0.15,MCS9·MIMO·160MHz·0.8us,9,2,160,27.3,0.00,1.000,1633.2,1631.7,search,STAY
6290.7,0.13,MCS10·MIMO·160MHz·0.8us,10,2,160,27.3,0.00,0.600,1102.3,1631.7,search,STAY
6290.8,0.15,MCS9·MIMO·160MHz·0.8us,9,2,160,27.3,0.00,1.000,1633.2,1631.7,search,STAY
6291.0,0.13,MCS10·MIMO·160MHz·0.8us,10,2,160,27.3,0.00,0.600,1102.3,1631.7,search,STAY
6291.1,0.15,MCS9·MIMO·160MHz·0.8us,9,2,160,27.3,0.00,1.000,1633.2,1631.7,search,STAY
6291.2,0.13,MCS10·MIMO·160MHz·0.8us,10,2,160,27.3,0.00,0.600,1102.3,1631.8,search,STAY
6291.4,0.15,MCS9·MIMO·160MHz·0.8us,9,2,160,27.3,0.00,1.000,1633.2,1631.8,search,STAY
6291.5,0.13,MCS10·MIMO·160MHz·0.8us,10,2,160,27.3,0.00,0.600,1102.3,1631.8,search,STAY
6291.6,0.15,MCS9·MIMO·160MHz·0.8us,9,2,160,27.3,0.00,1.000,1633.2,1631.8,search,STAY
6291.8,0.13,MCS10·MIMO·160MHz·0.8us,10,2,160,27.3,0.00,0.650,1194.2,1631.9,search,STAY
6291.9,0.15,MCS9·MIMO·160MHz·0.8us,9,2,160,27.3,0.00,1.000,1633.2,1631.9,search,STAY
6292.1,0.13,MCS10·MIMO·160MHz·0.8us,10,2,160,27.3,0.00,0.650,1194.2,1631.9,search,STAY
6292.2,0.15,MCS9·MIMO·160MHz·0.8us,9,2,160,27.3,0.00,1.000,1633.2,1631.9,search,STAY
6292.3,0.13,MCS10·MIMO·160MHz·0.8us,10,2,160,27.3,0.00,0.650,1194.2,1631.9,search,STAY
6292.5,0.15,MCS9·MIMO·160MHz·0.8us,9,2,160,27.3,0.00,1.000,1633.2,1632.0,search,STAY
6292.6,0.13,MCS10·MIMO·160MHz·0.8us,10,2,160,27.3,0.00,0.650,1194.2,1632.0,search,STAY
6292.7,0.15,MCS9·MIMO·160MHz·0.8us,9,2,160,27.3,0.00,1.000,1633.2,1632.0,search,STAY
6292.9,0.13,MCS10·MIMO·160MHz·0.8us,10,2,160,27.3,0.00,0.650,1194.2,1632.0,search,STAY
6293.0,0.15,MCS9·MIMO·160MHz·0.8us,9,2,160,27.3,0.00,1.000,1633.2,1632.1,search,STAY
6293.2,0.13,MCS10·MIMO·160MHz·0.8us,10,2,160,27.3,0.00,0.650,1194.2,1632.1,search,STAY
6293.3,0.15,MCS9·MIMO·160MHz·0.8us,9,2,160,27.3,0.00,1.000,1633.2,1632.1,search,STAY
6293.5,0.13,MCS10·MIMO·160MHz·0.8us,10,2,160,27.3,0.00,0.650,1194.2,1632.1,search,STAY
6293.6,0.15,MCS9·MIMO·160MHz·0.8us,9,2,160,27.3,0.00,1.000,1633.2,1632.2,search,STAY
6293.7,0.13,MCS10·MIMO·160MHz·0.8us,10,2,160,27.3,0.00,0.650,1194.2,1632.2,search,STAY
6293.9,0.15,MCS9·MIMO·160MHz·0.8us,9,2,160,27.3,0.00,1.000,1633.2,1632.2,search,STAY
6294.0,0.13,MCS10·MIMO·160MHz·0.8us,10,2,160,27.4,0.00,0.650,1194.2,1632.2,search,STAY
6294.1,0.15,MCS9·MIMO·160MHz·0.8us,9,2,160,27.4,0.00,1.000,1633.2,1632.2,search,STAY
6294.3,0.13,MCS10·MIMO·160MHz·0.8us,10,2,160,27.4,0.00,0.650,1194.2,1632.3,search,STAY
6294.4,0.15,MCS9·MIMO·160MHz·0.8us,9,2,160,27.4,0.00,1.000,1633.2,1632.3,search,STAY
6294.6,0.13,MCS10·MIMO·160MHz·0.8us,10,2,160,27.4,0.00,0.650,1194.2,1632.3,search,STAY
6294.7,0.15,MCS9·MIMO·160MHz·0.8us,9,2,160,27.4,0.00,1.000,1633.2,1632.3,search,STAY
6294.8,0.13,MCS10·MIMO·160MHz·0.8us,10,2,160,27.4,0.00,0.700,1286.0,1632.4,search,STAY
6295.0,0.15,MCS9·MIMO·160MHz·0.8us,9,2,160,27.4,0.00,1.000,1633.2,1632.4,search,STAY
6295.1,0.13,MCS10·MIMO·160MHz·0.8us,10,2,160,27.4,0.00,0.700,1286.0,1632.4,search,STAY
6295.2,0.15,MCS9·MIMO·160MHz·0.8us,9,2,160,27.4,0.00,1.000,1633.2,1632.4,search,STAY
6295.4,0.13,MCS10·MIMO·160MHz·0.8us,10,2,160,27.4,0.00,0.700,1286.0,1632.4,search,STAY
6295.5,0.15,MCS9·MIMO·160MHz·0.8us,9,2,160,27.4,0.00,1.000,1633.2,1632.5,search,STAY
6295.7,0.13,MCS10·MIMO·160MHz·0.8us,10,2,160,27.4,0.00,0.700,1286.0,1632.5,search,STAY
6295.8,0.15,MCS9·MIMO·160MHz·0.8us,9,2,160,27.4,0.00,1.000,1633.2,1632.5,search,STAY
6295.9,0.13,MCS10·MIMO·160MHz·0.8us,10,2,160,27.4,0.00,0.700,1286.0,1632.5,search,STAY
6296.1,0.15,MCS9·MIMO·160MHz·0.8us,9,2,160,27.4,0.00,1.000,1633.2,1632.6,search,STAY
6296.2,0.13,MCS10·MIMO·160MHz·0.8us,10,2,160,27.4,0.00,0.700,1286.0,1632.6,search,STAY
6296.4,0.15,MCS9·MIMO·160MHz·0.8us,9,2,160,27.4,0.00,1.000,1633.2,1632.6,search,STAY
6296.5,0.13,MCS10·MIMO·160MHz·0.8us,10,2,160,27.4,0.00,0.700,1286.0,1632.6,search,STAY
6296.6,0.15,MCS9·MIMO·160MHz·0.8us,9,2,160,27.4,0.00,1.000,1633.2,1632.7,search,STAY
6296.8,0.13,MCS10·MIMO·160MHz·0.8us,10,2,160,27.4,0.00,0.700,1286.0,1632.7,search,STAY
6296.9,0.15,MCS9·MIMO·160MHz·0.8us,9,2,160,27.4,0.00,1.000,1633.2,1632.7,search,STAY
6297.1,0.13,MCS10·MIMO·160MHz·0.8us,10,2,160,27.4,0.00,0.700,1286.0,1632.7,search,STAY
6297.2,0.15,MCS9·MIMO·160MHz·0.8us,9,2,160,27.4,0.00,1.000,1633.2,1632.7,search,STAY
6297.3,0.13,MCS10·MIMO·160MHz·0.8us,10,2,160,27.4,0.00,0.700,1286.0,1632.8,search,STAY
6297.5,0.15,MCS9·MIMO·160MHz·0.8us,9,2,160,27.4,0.00,1.000,1633.2,1632.8,search,STAY
6297.6,0.13,MCS10·MIMO·160MHz·0.8us,10,2,160,27.4,0.00,0.750,1377.9,1632.8,search,STAY
6297.7,0.15,MCS9·MIMO·160MHz·0.8us,9,2,160,27.4,0.00,1.000,1633.2,1632.8,search,STAY
6297.9,0.13,MCS10·MIMO·160MHz·0.8us,10,2,160,27.4,0.00,0.750,1377.9,1632.9,search,STAY
6298.0,0.15,MCS9·MIMO·160MHz·0.8us,9,2,160,27.5,0.00,1.000,1633.2,1632.9,search,STAY
6298.2,0.13,MCS10·MIMO·160MHz·0.8us,10,2,160,27.5,0.00,0.750,1377.9,1632.9,search,STAY
6298.3,0.15,MCS9·MIMO·160MHz·0.8us,9,2,160,27.5,0.00,1.000,1633.2,1632.9,search,STAY
6298.4,0.13,MCS10·MIMO·160MHz·0.8us,10,2,160,27.5,0.00,0.750,1377.9,1632.9,search,STAY
6298.6,0.15,MCS9·MIMO·160MHz·0.8us,9,2,160,27.5,0.00,1.000,1633.2,1633.0,search,STAY
6298.7,0.13,MCS10·MIMO·160MHz·0.8us,10,2,160,27.5,0.00,0.750,1377.9,1633.0,search,STAY
6298.9,0.15,MCS9·MIMO·160MHz·0.8us,9,2,160,27.5,0.00,1.000,1633.2,1633.0,search,STAY
6299.0,0.13,MCS10·MIMO·160MHz·0.8us,10,2,160,27.5,0.00,0.750,1377.9,1633.0,search,STAY
6299.1,0.29,MCS9·SISO·160MHz·0.8us,9,1,160,27.5,0.00,1.000,816.6,1633.1,search,SEARCH
6299.4,0.29,MCS9·MIMO·80MHz·0.8us,9,2,80,27.5,0.00,1.000,816.6,1633.1,search,SEARCH
6299.7,0.17,MCS9·MIMO·160MHz·3.2us,9,2,160,27.5,0.00,1.000,1388.2,1633.2,search,SEARCH
6299.9,17.29,MCS9·MIMO·160MHz·3.2us,9,2,160,27.5,0.00,1.000,1388.2,1633.2,dwell,STAY
6317.2,0.15,MCS10·MIMO·160MHz·3.2us,10,2,160,27.9,0.00,1.000,1561.6,1730.3,search,STAY
6317.3,0.17,MCS9·MIMO·160MHz·3.2us,9,2,160,27.9,0.00,1.000,1388.2,1733.1,search,STAY
6317.5,0.15,MCS10·MIMO·160MHz·3.2us,10,2,160,27.9,0.00,1.000,1561.6,1736.3,search,STAY
6317.7,0.17,MCS9·MIMO·160MHz·3.2us,9,2,160,27.9,0.00,1.000,1388.2,1739.1,search,STAY
6317.8,0.15,MCS10·MIMO·160MHz·3.2us,10,2,160,27.9,0.00,1.000,1561.6,1742.3,search,STAY
6318.0,0.17,MCS9·MIMO·160MHz·3.2us,9,2,160,27.9,0.00,1.000,1388.2,1745.1,search,STAY
6318.2,0.15,MCS10·MIMO·160MHz·3.2us,10,2,160,28.0,0.00,1.000,1561.6,1748.3,search,STAY
6318.3,15.37,MCS10·MIMO·160MHz·3.2us,10,2,160,28.0,0.00,0.995,1553.8,1751.1,dwell,STAY
6333.7,0.14,MCS11·MIMO·160MHz·3.2us,11,2,160,28.3,0.00,0.000,0.0,1804.7,search,STAY
6333.8,0.15,MCS10·MIMO·160MHz·3.2us,10,2,160,28.3,0.00,1.000,1561.6,1804.9,search,STAY
6334.0,0.14,MCS11·MIMO·160MHz·3.2us,11,2,160,28.3,0.00,0.000,0.0,1805.2,search,STAY
6334.1,0.15,MCS10·MIMO·160MHz·3.2us,10,2,160,28.4,0.00,1.000,1561.6,1805.4,search,STAY
6334.3,0.14,MCS11·MIMO·160MHz·3.2us,11,2,160,28.4,0.00,0.000,0.0,1805.7,search,STAY
6334.4,0.15,MCS10·MIMO·160MHz·3.2us,10,2,160,28.4,0.00,1.000,1561.6,1805.9,search,STAY
6334.6,0.14,MCS11·MIMO·160MHz·3.2us,11,2,160,28.4,0.00,0.000,0.0,1806.2,search,STAY
6334.7,0.15,MCS10·MIMO·160MHz·3.2us,10,2,160,28.4,0.00,1.000,1561.6,1806.4,search,STAY
6334.9,0.14,MCS11·MIMO·160MHz·3.2us,11,2,160,28.4,0.00,0.000,0.0,1806.6,search,STAY
6335.0,0.15,MCS10·MIMO·160MHz·3.2us,10,2,160,28.4,0.00,1.000,1561.6,1806.9,search,STAY
6335.1,0.14,MCS11·MIMO·160MHz·3.2us,11,2,160,28.4,0.00,0.000,0.0,1807.1,search,STAY
6335.3,0.15,MCS10·MIMO·160MHz·3.2us,10,2,160,28.4,0.00,1.000,1561.6,1807.4,search,STAY
6335.4,0.14,MCS11·MIMO·160MHz·3.2us,11,2,160,28.4,0.00,0.000,0.0,1807.6,search,STAY
6335.6,0.15,MCS10·MIMO·160MHz·3.2us,10,2,160,28.4,0.00,1.000,1561.6,1807.8,search,STAY
6335.7,0.14,MCS11·MIMO·160MHz·3.2us,11,2,160,28.4,0.00,0.000,0.0,1808.1,search,STAY
6335.9,0.15,MCS10·MIMO·160MHz·3.2us,10,2,160,28.4,0.00,1.000,1561.6,1808.3,search,STAY
6336.0,0.14,MCS11·MIMO·160MHz·3.2us,11,2,160,28.4,0.00,0.000,0.0,1808.6,search,STAY
6336.2,0.15,MCS10·MIMO·160MHz·3.2us,10,2,160,28.4,0.00,1.000,1561.6,1808.8,search,STAY
6336.3,0.14,MCS11·MIMO·160MHz·3.2us,11,2,160,28.4,0.00,0.000,0.0,1809.1,search,STAY
6336.5,0.15,MCS10·MIMO·160MHz·3.2us,10,2,160,28.4,0.00,1.000,1561.6,1809.3,search,STAY
6336.6,0.14,MCS11·MIMO·160MHz·3.2us,11,2,160,28.4,0.00,0.000,0.0,1809.5,search,STAY
6336.7,0.15,MCS10·MIMO·160MHz·3.2us,10,2,160,28.4,0.00,1.000,1561.6,1809.8,search,STAY
6336.9,0.14,MCS11·MIMO·160MHz·3.2us,11,2,160,28.4,0.00,0.000,0.0,1810.0,search,STAY
6337.0,0.15,MCS10·MIMO·160MHz·3.2us,10,2,160,28.4,0.00,1.000,1561.6,1810.2,search,STAY
6337.2,0.14,MCS11·MIMO·160MHz·3.2us,11,2,160,28.4,0.00,0.000,0.0,1810.5,search,STAY
6337.3,0.15,MCS10·MIMO·160MHz·3.2us,10,2,160,28.4,0.00,1.000,1561.6,1810.7,search,STAY
6337.5,0.14,MCS11·MIMO·160MHz·3.2us,11,2,160,28.4,0.00,0.000,0.0,1811.0,search,STAY
6337.6,0.15,MCS10·MIMO·160MHz·3.2us,10,2,160,28.4,0.00,1.000,1561.6,1811.2,search,STAY
6337.8,0.14,MCS11·MIMO·160MHz·3.2us,11,2,160,28.4,0.00,0.000,0.0,1811.5,search,STAY
6337.9,0.15,MCS10·MIMO·160MHz·3.2us,10,2,160,28.4,0.00,1.000,1561.6,1811.7,search,STAY
6338.1,0.14,MCS11·MIMO·160MHz·3.2us,11,2,160,28.5,0.00,0.000,0.0,1812.0,search,STAY
6338.2,0.15,MCS10·MIMO·160MHz·3.2us,10,2,160,28.5,0.00,1.000,1561.6,1812.2,search,STAY
6338.4,0.14,MCS11·MIMO·160MHz·3.2us,11,2,160,28.5,0.00,0.000,0.0,1812.4,search,STAY
6338.5,0.15,MCS10·MIMO·160MHz·3.2us,10,2,160,28.5,0.00,1.000,1561.6,1812.7,search,STAY
6338.6,0.14,MCS11·MIMO·160MHz·3.2us,11,2,160,28.5,0.00,0.000,0.0,1812.9,search,STAY
6338.8,0.15,MCS10·MIMO·160MHz·3.2us,10,2,160,28.5,0.00,1.000,1561.6,1813.1,search,STAY
6338.9,0.14,MCS11·MIMO·160MHz·3.2us,11,2,160,28.5,0.00,0.000,0.0,1813.4,search,STAY
6339.1,0.15,MCS10·MIMO·160MHz·3.2us,10,2,160,28.5,0.00,1.000,1561.6,1813.6,search,STAY
6339.2,0.28,MCS11·SISO·160MHz·3.2us,11,1,160,28.5,0.00,1.000,867.7,1813.9,search,SEARCH
6339.5,0.28,MCS11·MIMO·80MHz·3.2us,11,2,80,28.5,0.00,0.000,0.0,1814.3,search,SEARCH
6339.8,0.12,MCS11·MIMO·160MHz·0.8us,11,2,160,28.5,0.00,0.000,0.0,1814.8,search,SEARCH
6339.9,13.83,MCS11·MIMO·160MHz·3.2us,11,2,160,28.5,0.00,0.015,26.0,1815.0,dwell,STAY
6353.7,0.31,MCS10·SISO·160MHz·3.2us,10,1,160,28.8,0.00,1.000,780.8,1827.8,search,SEARCH
6354.0,0.31,MCS10·MIMO·80MHz·3.2us,10,2,80,28.9,0.00,1.000,780.8,1828.1,search,SEARCH
6354.3,0.13,MCS10·MIMO·160MHz·0.8us,10,2,160,28.9,0.00,1.000,1837.2,1828.3,search,SEARCH
6354.5,13.06,MCS10·MIMO·160MHz·0.8us,10,2,160,28.9,0.00,0.995,1828.0,1828.5,dwell,STAY
6367.5,13.06,MCS10·MIMO·160MHz·0.8us,10,2,160,29.2,0.00,0.997,1831.7,1832.1,dwell,STAY
6380.6,13.06,MCS10·MIMO·160MHz·0.8us,10,2,160,29.5,0.00,0.996,1829.9,1829.7,dwell,STAY
6393.7,0.24,MCS11·SISO·160MHz·0.8us,11,1,160,29.8,0.00,1.000,1020.8,1827.3,search,SEARCH
6393.9,0.24,MCS11·MIMO·80MHz·0.8us,11,2,80,29.8,0.00,0.000,0.0,1827.3,search,SEARCH
6394.1,0.14,MCS11·MIMO·160MHz·3.2us,11,2,160,29.9,0.00,1.000,1735.4,1827.3,search,SEARCH
6394.3,11.76,MCS11·MIMO·160MHz·0.8us,11,2,160,29.9,0.00,0.838,1709.8,1827.2,dwell,STAY
6406.0,0.13,MCS10·MIMO·160MHz·0.8us,10,2,160,30.2,0.00,1.000,1837.2,1971.3,search,STAY
6406.2,0.12,MCS11·MIMO·160MHz·0.8us,11,2,160,30.2,0.00,0.950,1939.5,1971.7,search,STAY
6406.3,0.13,MCS10·MIMO·160MHz·0.8us,10,2,160,30.2,0.00,1.000,1837.2,1972.2,search,STAY
6406.4,0.12,MCS11·MIMO·160MHz·0.8us,11,2,160,30.2,0.00,0.950,1939.5,1972.6,search,STAY
6406.5,0.13,MCS10·MIMO·160MHz·0.8us,10,2,160,30.2,0.00,1.000,1837.2,1973.1,search,STAY
6406.7,0.12,MCS11·MIMO·160MHz·0.8us,11,2,160,30.2,0.00,0.950,1939.5,1973.5,search,STAY
6406.8,0.13,MCS10·MIMO·160MHz·0.8us,10,2,160,30.2,0.00,1.000,1837.2,1973.9,search,STAY
6406.9,0.12,MCS11·MIMO·160MHz·0.8us,11,2,160,30.2,0.00,0.950,1939.5,1974.4,search,STAY
6407.0,0.13,MCS10·MIMO·160MHz·0.8us,10,2,160,30.2,0.00,1.000,1837.2,1974.8,search,STAY
6407.2,0.12,MCS11·MIMO·160MHz·0.8us,11,2,160,30.2,0.00,0.950,1939.5,1975.3,search,STAY
6407.3,11.76,MCS11·MIMO·160MHz·0.8us,11,2,160,30.2,0.00,0.968,1975.2,1975.7,dwell,STAY
6419.0,11.76,MCS11·MIMO·160MHz·0.8us,11,2,160,30.5,0.00,0.989,2018.1,2017.7,dwell,STAY
6430.8,0.22,MCS12·SISO·160MHz·0.8us,12,1,160,30.8,0.00,1.000,1094.0,2030.0,search,SEARCH
6431.0,0.22,MCS12·MIMO·80MHz·0.8us,12,2,80,30.8,0.00,0.000,0.0,2030.2,search,SEARCH
6431.2,0.13,MCS12·MIMO·160MHz·3.2us,12,2,160,30.8,0.00,0.000,0.0,2030.3,search,SEARCH
6431.4,10.97,MCS12·MIMO·160MHz·0.8us,12,2,160,30.8,0.00,0.000,0.0,2030.5,dwell,STAY
6442.3,0.24,MCS11·SISO·160MHz·0.8us,11,1,160,31.1,0.00,1.000,1020.8,2037.5,search,SEARCH
6442.6,0.24,MCS11·MIMO·80MHz·0.8us,11,2,80,31.1,0.00,0.950,969.8,2037.5,search,SEARCH
6442.8,0.14,MCS11·MIMO·160MHz·3.2us,11,2,160,31.1,0.00,1.000,1735.4,2037.5,search,SEARCH
6442.9,13.83,MCS11·MIMO·160MHz·3.2us,11,2,160,31.1,0.00,1.000,1734.5,2037.5,dwell,STAY
6456.8,0.15,MCS10·MIMO·160MHz·3.2us,10,2,160,31.4,0.00,1.000,1561.6,2037.5,search,STAY
6456.9,0.14,MCS11·MIMO·160MHz·3.2us,11,2,160,31.4,0.00,1.000,1735.4,2037.5,search,STAY
6457.1,0.15,MCS10·MIMO·160MHz·3.2us,10,2,160,31.4,0.00,1.000,1561.6,2037.5,search,STAY
6457.2,0.14,MCS11·MIMO·160MHz·3.2us,11,2,160,31.4,0.00,1.000,1735.4,2037.5,search,STAY
6457.3,13.83,MCS11·MIMO·160MHz·3.2us,11,2,160,31.4,0.00,0.999,1732.8,2037.5,dwell,STAY
6471.2,0.13,MCS12·MIMO·160MHz·3.2us,12,2,160,31.8,0.00,0.300,557.9,2039.8,search,STAY
6471.3,0.14,MCS11·MIMO·160MHz·3.2us,11,2,160,31.8,0.00,1.000,1735.4,2039.8,search,STAY
6471.4,0.13,MCS12·MIMO·160MHz·3.2us,12,2,160,31.8,0.00,0.300,557.9,2039.9,search,STAY
6471.6,0.14,MCS11·MIMO·160MHz·3.2us,11,2,160,31.8,0.00,1.000,1735.4,2039.9,search,STAY
6471.7,0.13,MCS12·MIMO·160MHz·3.2us,12,2,160,31.8,0.00,0.350,650.9,2039.9,search,STAY
6471.8,0.14,MCS11·MIMO·160MHz·3.2us,11,2,160,31.8,0.00,1.000,1735.4,2039.9,search,STAY
6472.0,0.13,MCS12·MIMO·160MHz·3.2us,12,2,160,31.8,0.00,0.350,650.9,2040.0,search,STAY
6472.1,0.14,MCS11·MIMO·160MHz·3.2us,11,2,160,31.8,0.00,1.000,1735.4,2040.0,search,STAY
6472.2,0.13,MCS12·MIMO·160MHz·3.2us,12,2,160,31.8,0.00,0.350,650.9,2040.0,search,STAY
6472.4,0.14,MCS11·MIMO·160MHz·3.2us,11,2,160,31.8,0.00,1.000,1735.4,2040.0,search,STAY
6472.5,0.13,MCS12·MIMO·160MHz·3.2us,12,2,160,31.8,0.00,0.350,650.9,2040.1,search,STAY
6472.6,0.14,MCS11·MIMO·160MHz·3.2us,11,2,160,31.8,0.00,1.000,1735.4,2040.1,search,STAY
6472.8,0.13,MCS12·MIMO·160MHz·3.2us,12,2,160,31.8,0.00,0.350,650.9,2040.1,search,STAY
6472.9,0.14,MCS11·MIMO·160MHz·3.2us,11,2,160,31.8,0.00,1.000,1735.4,2040.2,search,STAY
6473.0,0.13,MCS12·MIMO·160MHz·3.2us,12,2,160,31.8,0.00,0.350,650.9,2040.2,search,STAY
6473.2,0.14,MCS11·MIMO·160MHz·3.2us,11,2,160,31.8,0.00,1.000,1735.4,2040.2,search,STAY
6473.3,0.13,MCS12·MIMO·160MHz·3.2us,12,2,160,31.8,0.00,0.350,650.9,2040.2,search,STAY
6473.4,0.14,MCS11·MIMO·160MHz·3.2us,11,2,160,31.8,0.00,1.000,1735.4,2040.3,search,STAY
6473.6,0.13,MCS12·MIMO·160MHz·3.2us,12,2,160,31.8,0.00,0.350,650.9,2040.3,search,STAY
6473.7,0.14,MCS11·MIMO·160MHz·3.2us,11,2,160,31.8,0.00,1.000,1735.4,2040.3,search,STAY
6473.8,0.13,MCS12·MIMO·160MHz·3.2us,12,2,160,31.8,0.00,0.400,743.9,2040.3,search,STAY
6474.0,0.14,MCS11·MIMO·160MHz·3.2us,11,2,160,31.8,0.00,1.000,1735.4,2040.4,search,STAY
6474.1,0.13,MCS12·MIMO·160MHz·3.2us,12,2,160,31.9,0.00,0.400,743.9,2040.4,search,STAY
6474.2,0.14,MCS11·MIMO·160MHz·3.2us,11,2,160,31.9,0.00,1.000,1735.4,2040.4,search,STAY
6474.4,0.13,MCS12·MIMO·160MHz·3.2us,12,2,160,31.9,0.00,0.400,743.9,2040.5,search,STAY
6474.5,0.14,MCS11·MIMO·160MHz·3.2us,11,2,160,31.9,0.00,1.000,1735.4,2040.5,search,STAY
6474.6,0.13,MCS12·MIMO·160MHz·3.2us,12,2,160,31.9,0.00,0.400,743.9,2040.5,search,STAY
6474.8,0.14,MCS11·MIMO·160MHz·3.2us,11,2,160,31.9,0.00,1.000,1735.4,2040.5,search,STAY
6474.9,0.13,MCS12·MIMO·160MHz·3.2us,12,2,160,31.9,0.00,0.400,743.9,2040.6,search,STAY
6475.0,0.14,MCS11·MIMO·160MHz·3.2us,11,2,160,31.9,0.00,1.000,1735.4,2040.6,search,STAY
6475.2,0.13,MCS12·MIMO·160MHz·3.2us,12,2,160,31.9,0.00,0.400,743.9,2040.6,search,STAY
6475.3,0.14,MCS11·MIMO·160MHz·3.2us,11,2,160,31.9,0.00,1.000,1735.4,2040.6,search,STAY
6475.5,0.26,MCS12·SISO·160MHz·3.2us,12,1,160,31.9,0.00,1.000,929.9,2040.7,search,SEARCH
6475.7,0.26,MCS12·MIMO·80MHz·3.2us,12,2,80,31.9,0.00,0.000,0.0,2040.7,search,SEARCH
6476.0,0.11,MCS12·MIMO·160MHz·0.8us,12,2,160,31.9,0.00,0.000,0.0,2040.8,search,SEARCH
6476.1,12.90,MCS12·MIMO·160MHz·3.2us,12,2,160,31.9,0.00,0.439,816.5,2040.8,dwell,STAY
6489.0,0.28,MCS11·SISO·160MHz·3.2us,11,1,160,32.2,0.00,1.000,867.7,2039.8,search,SEARCH
6489.3,0.28,MCS11·MIMO·80MHz·3.2us,11,2,80,32.2,0.00,1.000,867.7,2039.7,search,SEARCH
6489.5,0.12,MCS11·MIMO·160MHz·0.8us,11,2,160,32.2,0.00,1.000,2041.6,2039.7,search,SEARCH
6489.7,11.76,MCS11·MIMO·160MHz·0.8us,11,2,160,32.2,0.00,0.999,2039.6,2039.6,dwell,STAY
6501.4,0.11,MCS12·MIMO·160MHz·0.8us,12,2,160,32.5,0.00,0.750,1641.0,2037.8,search,STAY
6501.5,0.12,MCS11·MIMO·160MHz·0.8us,11,2,160,32.5,0.00,1.000,2041.6,2037.8,search,STAY
6501.6,0.11,MCS12·MIMO·160MHz·0.8us,12,2,160,32.5,0.00,0.750,1641.0,2037.9,search,STAY
6501.7,0.12,MCS11·MIMO·160MHz·0.8us,11,2,160,32.5,0.00,1.000,2041.6,2037.9,search,STAY
6501.9,0.11,MCS12·MIMO·160MHz·0.8us,12,2,160,32.5,0.00,0.750,1641.0,2037.9,search,STAY
6502.0,0.12,MCS11·MIMO·160MHz·0.8us,11,2,160,32.5,0.00,1.000,2041.6,2037.9,search,STAY
6502.1,0.11,MCS12·MIMO·160MHz·0.8us,12,2,160,32.6,0.00,0.750,1641.0,2037.9,search,STAY
6502.2,0.12,MCS11·MIMO·160MHz·0.8us,11,2,160,32.6,0.00,1.000,2041.6,2038.0,search,STAY
6502.3,0.11,MCS12·MIMO·160MHz·0.8us,12,2,160,32.6,0.00,0.750,1641.0,2038.0,search,STAY
6502.4,0.12,MCS11·MIMO·160MHz·0.8us,11,2,160,32.6,0.00,1.000,2041.6,2038.0,search,STAY
6502.5,0.11,MCS12·MIMO·160MHz·0.8us,12,2,160,32.6,0.00,0.750,1641.0,2038.0,search,STAY
6502.7,0.12,MCS11·MIMO·160MHz·0.8us,11,2,160,32.6,0.00,1.000,2041.6,2038.1,search,STAY
6502.8,0.11,MCS12·MIMO·160MHz·0.8us,12,2,160,32.6,0.00,0.750,1641.0,2038.1,search,STAY
6502.9,0.12,MCS11·MIMO·160MHz·0.8us,11,2,160,32.6,0.00,1.000,2041.6,2038.1,search,STAY
6503.0,0.11,MCS12·MIMO·160MHz·0.8us,12,2,160,32.6,0.00,0.750,1641.0,2038.1,search,STAY
6503.1,0.12,MCS11·MIMO·160MHz·0.8us,11,2,160,32.6,0.00,1.000,2041.6,2038.2,search,STAY
6503.2,0.11,MCS12·MIMO·160MHz·0.8us,12,2,160,32.6,0.00,0.750,1641.0,2038.2,search,STAY
6503.3,0.12,MCS11·MIMO·160MHz·0.8us,11,2,160,32.6,0.00,1.000,2041.6,2038.2,search,STAY
6503.5,0.11,MCS12·MIMO·160MHz·0.8us,12,2,160,32.6,0.00,0.800,1750.4,2038.2,search,STAY
6503.6,0.12,MCS11·MIMO·160MHz·0.8us,11,2,160,32.6,0.00,1.000,2041.6,2038.2,search,STAY
6503.7,0.11,MCS12·MIMO·160MHz·0.8us,12,2,160,32.6,0.00,0.800,1750.4,2038.3,search,STAY
6503.8,0.12,MCS11·MIMO·160MHz·0.8us,11,2,160,32.6,0.00,1.000,2041.6,2038.3,search,STAY
6503.9,0.11,MCS12·MIMO·160MHz·0.8us,12,2,160,32.6,0.00,0.800,1750.4,2038.3,search,STAY
6504.0,0.12,MCS11·MIMO·160MHz·0.8us,11,2,160,32.6,0.00,1.000,2041.6,2038.3,search,STAY
6504.1,0.11,MCS12·MIMO·160MHz·0.8us,12,2,160,32.6,0.00,0.800,1750.4,2038.4,search,STAY
6504.2,0.12,MCS11·MIMO·160MHz·0.8us,11,2,160,32.6,0.00,1.000,2041.6,2038.4,search,STAY
6504.4,0.11,MCS12·MIMO·160MHz·0.8us,12,2,160,32.6,0.00,0.800,1750.4,2038.4,search,STAY
6504.5,0.12,MCS11·MIMO·160MHz·0.8us,11,2,160,32.6,0.00,1.000,2041.6,2038.4,search,STAY
6504.6,0.11,MCS12·MIMO·160MHz·0.8us,12,2,160,32.6,0.00,0.800,1750.4,2038.5,search,STAY
6504.7,0.12,MCS11·MIMO·160MHz·0.8us,11,2,160,32.6,0.00,1.000,2041.6,2038.5,search,STAY
6504.8,0.11,MCS12·MIMO·160MHz·0.8us,12,2,160,32.6,0.00,0.800,1750.4,2038.5,search,STAY
6504.9,0.12,MCS11·MIMO·160MHz·0.8us,11,2,160,32.6,0.00,1.000,2041.6,2038.5,search,STAY
6505.0,0.11,MCS12·MIMO·160MHz·0.8us,12,2,160,32.6,0.00,0.800,1750.4,2038.5,search,STAY
6505.2,0.12,MCS11·MIMO·160MHz·0.8us,11,2,160,32.6,0.00,1.000,2041.6,2038.6,search,STAY
6505.3,0.11,MCS12·MIMO·160MHz·0.8us,12,2,160,32.6,0.00,0.800,1750.4,2038.6,search,STAY
6505.4,0.12,MCS11·MIMO·160MHz·0.8us,11,2,160,32.6,0.00,1.000,2041.6,2038.6,search,STAY
6505.5,0.11,MCS12·MIMO·160MHz·0.8us,12,2,160,32.6,0.00,0.800,1750.4,2038.6,search,STAY
6505.6,0.12,MCS11·MIMO·160MHz·0.8us,11,2,160,32.6,0.00,1.000,2041.6,2038.7,search,STAY
6505.7,0.11,MCS12·MIMO·160MHz·0.8us,12,2,160,32.6,0.00,0.800,1750.4,2038.7,search,STAY
6505.8,0.12,MCS11·MIMO·160MHz·0.8us,11,2,160,32.6,0.00,1.000,2041.6,2038.7,search,STAY
6506.0,0.11,MCS12·MIMO·160MHz·0.8us,12,2,160,32.6,0.00,0.800,1750.4,2038.7,search,STAY
6506.1,0.12,MCS11·MIMO·160MHz·0.8us,11,2,160,32.7,0.00,1.000,2041.6,2038.8,search,STAY
6506.2,0.11,MCS12·MIMO·160MHz·0.8us,12,2,160,32.7,0.00,0.800,1750.4,2038.8,search,STAY
6506.3,0.12,MCS11·MIMO·160MHz·0.8us,11,2,160,32.7,0.00,1.000,2041.6,2038.8,search,STAY
6506.4,0.11,MCS12·MIMO·160MHz·0.8us,12,2,160,32.7,0.00,0.800,1750.4,2038.8,search,STAY
6506.5,0.12,MCS11·MIMO·160MHz·0.8us,11,2,160,32.7,0.00,1.000,2041.6,2038.8,search,STAY
6506.6,0.11,MCS12·MIMO·160MHz·0.8us,12,2,160,32.7,0.00,0.800,1750.4,2038.9,search,STAY
6506.7,0.12,MCS11·MIMO·160MHz·0.8us,11,2,160,32.7,0.00,1.000,2041.6,2038.9,search,STAY
6506.9,0.11,MCS12·MIMO·160MHz·0.8us,12,2,160,32.7,0.00,0.800,1750.4,2038.9,search,STAY
6507.0,0.12,MCS11·MIMO·160MHz·0.8us,11,2,160,32.7,0.00,1.000,2041.6,2038.9,search,STAY
6507.1,0.11,MCS12·MIMO·160MHz·0.8us,12,2,160,32.7,0.00,0.800,1750.4,2039.0,search,STAY
6507.2,0.12,MCS11·MIMO·160MHz·0.8us,11,2,160,32.7,0.00,1.000,2041.6,2039.0,search,STAY
6507.3,0.11,MCS12·MIMO·160MHz·0.8us,12,2,160,32.7,0.00,0.800,1750.4,2039.0,search,STAY
6507.4,0.12,MCS11·MIMO·160MHz·0.8us,11,2,160,32.7,0.00,1.000,2041.6,2039.0,search,STAY
6507.5,0.11,MCS12·MIMO·160MHz·0.8us,12,2,160,32.7,0.00,0.850,1859.8,2039.1,search,STAY
6507.7,0.12,MCS11·MIMO·160MHz·0.8us,11,2,160,32.7,0.00,1.000,2041.6,2039.1,search,STAY
6507.8,0.11,MCS12·MIMO·160MHz·0.8us,12,2,160,32.7,0.00,0.850,1859.8,2039.1,search,STAY
6507.9,0.12,MCS11·MIMO·160MHz·0.8us,11,2,160,32.7,0.00,1.000,2041.6,2039.1,search,STAY
6508.0,0.11,MCS12·MIMO·160MHz·0.8us,12,2,160,32.7,0.00,0.850,1859.8,2039.1,search,STAY
6508.1,0.12,MCS11·MIMO·160MHz·0.8us,11,2,160,32.7,0.00,1.000,2041.6,2039.2,search,STAY
6508.2,0.11,MCS12·MIMO·160MHz·0.8us,12,2,160,32.7,0.00,0.850,1859.8,2039.2,search,STAY
6508.3,0.12,MCS11·MIMO·160MHz·0.8us,11,2,160,32.7,0.00,1.000,2041.6,2039.2,search,STAY
6508.5,0.11,MCS12·MIMO·160MHz·0.8us,12,2,160,32.7,0.00,0.850,1859.8,2039.2,search,STAY
6508.6,0.12,MCS11·MIMO·160MHz·0.8us,11,2,160,32.7,0.00,1.000,2041.6,2039.3,search,STAY
6508.7,0.11,MCS12·MIMO·160MHz·0.8us,12,2,160,32.7,0.00,0.850,1859.8,2039.3,search,STAY
6508.8,0.12,MCS11·MIMO·160MHz·0.8us,11,2,160,32.7,0.00,1.000,2041.6,2039.3,search,STAY
6508.9,0.11,MCS12·MIMO·160MHz·0.8us,12,2,160,32.7,0.00,0.850,1859.8,2039.3,search,STAY
6509.0,0.12,MCS11·MIMO·160MHz·0.8us,11,2,160,32.7,0.00,1.000,2041.6,2039.4,search,STAY
6509.1,0.11,MCS12·MIMO·160MHz·0.8us,12,2,160,32.7,0.00,0.850,1859.8,2039.4,search,STAY
6509.2,0.12,MCS11·MIMO·160MHz·0.8us,11,2,160,32.7,0.00,1.000,2041.6,2039.4,search,STAY
6509.4,0.11,MCS12·MIMO·160MHz·0.8us,12,2,160,32.7,0.00,0.850,1859.8,2039.4,search,STAY
6509.5,0.12,MCS11·MIMO·160MHz·0.8us,11,2,160,32.7,0.00,1.000,2041.6,2039.5,search,STAY
6509.6,0.11,MCS12·MIMO·160MHz·0.8us,12,2,160,32.7,0.00,0.850,1859.8,2039.5,search,STAY
6509.7,0.12,MCS11·MIMO·160MHz·0.8us,11,2,160,32.7,0.00,1.000,2041.6,2039.5,search,STAY
6509.8,0.11,MCS12·MIMO·160MHz·0.8us,12,2,160,32.7,0.00,0.850,1859.8,2039.5,search,STAY
6509.9,0.12,MCS11·MIMO·160MHz·0.8us,11,2,160,32.7,0.00,1.000,2041.6,2039.5,search,STAY
6510.0,0.11,MCS12·MIMO·160MHz·0.8us,12,2,160,32.8,0.00,0.850,1859.8,2039.6,search,STAY
6510.2,0.12,MCS11·MIMO·160MHz·0.8us,11,2,160,32.8,0.00,1.000,2041.6,2039.6,search,STAY
6510.3,0.11,MCS12·MIMO·160MHz·0.8us,12,2,160,32.8,0.00,0.850,1859.8,2039.6,search,STAY
6510.4,0.12,MCS11·MIMO·160MHz·0.8us,11,2,160,32.8,0.00,1.000,2041.6,2039.6,search,STAY
6510.5,0.11,MCS12·MIMO·160MHz·0.8us,12,2,160,32.8,0.00,0.850,1859.8,2039.7,search,STAY
6510.6,0.12,MCS11·MIMO·160MHz·0.8us,11,2,160,32.8,0.00,1.000,2041.6,2039.7,search,STAY
6510.7,0.11,MCS12·MIMO·160MHz·0.8us,12,2,160,32.8,0.00,0.850,1859.8,2039.7,search,STAY
6510.8,0.12,MCS11·MIMO·160MHz·0.8us,11,2,160,32.8,0.00,1.000,2041.6,2039.7,search,STAY
6511.0,0.11,MCS12·MIMO·160MHz·0.8us,12,2,160,32.8,0.00,0.850,1859.8,2039.8,search,STAY
6511.1,0.12,MCS11·MIMO·160MHz·0.8us,11,2,160,32.8,0.00,1.000,2041.6,2039.8,search,STAY
6511.2,0.11,MCS12·MIMO·160MHz·0.8us,12,2,160,32.8,0.00,0.850,1859.8,2039.8,search,STAY
6511.3,0.12,MCS11·MIMO·160MHz·0.8us,11,2,160,32.8,0.00,1.000,2041.6,2039.8,search,STAY
6511.4,0.11,MCS12·MIMO·160MHz·0.8us,12,2,160,32.8,0.00,0.850,1859.8,2039.8,search,STAY
6511.5,0.12,MCS11·MIMO·160MHz·0.8us,11,2,160,32.8,0.00,1.000,2041.6,2039.9,search,STAY
6511.6,0.11,MCS12·MIMO·160MHz·0.8us,12,2,160,32.8,0.00,0.850,1859.8,2039.9,search,STAY
6511.7,0.12,MCS11·MIMO·160MHz·0.8us,11,2,160,32.8,0.00,1.000,2041.6,2039.9,search,STAY
6511.9,0.11,MCS12·MIMO·160MHz·0.8us,12,2,160,32.8,0.00,0.900,1969.2,2039.9,search,STAY
6512.0,0.12,MCS11·MIMO·160MHz·0.8us,11,2,160,32.8,0.00,1.000,2041.6,2040.0,search,STAY
6512.1,0.11,MCS12·MIMO·160MHz·0.8us,12,2,160,32.8,0.00,0.900,1969.2,2040.0,search,STAY
6512.2,0.12,MCS11·MIMO·160MHz·0.8us,11,2,160,32.8,0.00,1.000,2041.6,2040.0,search,STAY
6512.3,0.11,MCS12·MIMO·160MHz·0.8us,12,2,160,32.8,0.00,0.900,1969.2,2040.0,search,STAY
6512.4,0.12,MCS11·MIMO·160MHz·0.8us,11,2,160,32.8,0.00,1.000,2041.6,2040.1,search,STAY
6512.5,0.11,MCS12·MIMO·160MHz·0.8us,12,2,160,32.8,0.00,0.900,1969.2,2040.1,search,STAY
6512.7,0.12,MCS11·MIMO·160MHz·0.8us,11,2,160,32.8,0.00,1.000,2041.6,2040.1,search,STAY
6512.8,0.11,MCS12·MIMO·160MHz·0.8us,12,2,160,32.8,0.00,0.900,1969.2,2040.1,search,STAY
6512.9,0.12,MCS11·MIMO·160MHz·0.8us,11,2,160,32.8,0.00,1.000,2041.6,2040.1,search,STAY
6513.0,0.11,MCS12·MIMO·160MHz·0.8us,12,2,160,32.8,0.00,0.900,1969.2,2040.2,search,STAY
6513.1,0.12,MCS11·MIMO·160MHz·0.8us,11,2,160,32.8,0.00,1.000,2041.6,2040.2,search,STAY
6513.2,0.11,MCS12·MIMO·160MHz·0.8us,12,2,160,32.8,0.00,0.900,1969.2,2040.2,search,STAY
6513.3,0.12,MCS11·MIMO·160MHz·0.8us,11,2,160,32.8,0.00,1.000,2041.6,2040.2,search,STAY
6513.5,0.11,MCS12·MIMO·160MHz·0.8us,12,2,160,32.8,0.00,0.900,1969.2,2040.3,search,STAY
6513.6,0.12,MCS11·MIMO·160MHz·0.8us,11,2,160,32.8,0.00,1.000,2041.6,2040.3,search,STAY
6513.7,0.11,MCS12·MIMO·160MHz·0.8us,12,2,160,32.8,0.00,0.900,1969.2,2040.3,search,STAY
6513.8,0.12,MCS11·MIMO·160MHz·0.8us,11,2,160,32.8,0.00,1.000,2041.6,2040.3,search,STAY
6513.9,0.11,MCS12·MIMO·160MHz·0.8us,12,2,160,32.8,0.00,0.900,1969.2,2040.4,search,STAY
6514.0,0.12,MCS11·MIMO·160MHz·0.8us,11,2,160,32.9,0.00,1.000,2041.6,2040.4,search,STAY
6514.1,0.11,MCS12·MIMO·160MHz·0.8us,12,2,160,32.9,0.00,0.900,1969.2,2040.4,search,STAY
6514.2,0.12,MCS11·MIMO·160MHz·0.8us,11,2,160,32.9,0.00,1.000,2041.6,2040.4,search,STAY
6514.4,0.11,MCS12·MIMO·160MHz·0.8us,12,2,160,32.9,0.00,0.900,1969.2,2040.4,search,STAY
6514.5,0.12,MCS11·MIMO·160MHz·0.8us,11,2,160,32.9,0.00,1.000,2041.6,2040.5,search,STAY
6514.6,0.11,MCS12·MIMO·160MHz·0.8us,12,2,160,32.9,0.00,0.900,1969.2,2040.5,search,STAY
6514.7,0.12,MCS11·MIMO·160MHz·0.8us,11,2,160,32.9,0.00,1.000,2041.6,2040.5,search,STAY
6514.8,0.11,MCS12·MIMO·160MHz·0.8us,12,2,160,32.9,0.00,0.900,1969.2,2040.5,search,STAY
6514.9,0.12,MCS11·MIMO·160MHz·0.8us,11,2,160,32.9,0.00,1.000,2041.6,2040.6,search,STAY
6515.0,0.11,MCS12·MIMO·160MHz·0.8us,12,2,160,32.9,0.00,0.900,1969.2,2040.6,search,STAY
6515.2,0.12,MCS11·MIMO·160MHz·0.8us,11,2,160,32.9,0.00,1.000,2041.6,2040.6,search,STAY
6515.3,0.11,MCS12·MIMO·160MHz·0.8us,12,2,160,32.9,0.00,0.900,1969.2,2040.6,search,STAY
6515.4,0.12,MCS11·MIMO·160MHz·0.8us,11,2,160,32.9,0.00,1.000,2041.6,2040.7,search,STAY
6515.5,0.11,MCS12·MIMO·160MHz·0.8us,12,2,160,32.9,0.00,0.900,1969.2,2040.7,search,STAY
6515.6,0.12,MCS11·MIMO·160MHz·0.8us,11,2,160,32.9,0.00,1.000,2041.6,2040.7,search,STAY
6515.7,0.11,MCS12·MIMO·160MHz·0.8us,12,2,160,32.9,0.00,0.900,1969.2,2040.7,search,STAY
6515.8,0.12,MCS11·MIMO·160MHz·0.8us,11,2,160,32.9,0.00,1.000,2041.6,2040.7,search,STAY
6516.0,0.11,MCS12·MIMO·160MHz·0.8us,12,2,160,32.9,0.00,0.950,2078.6,2040.8,search,STAY
6516.1,10.97,MCS12·MIMO·160MHz·0.8us,12,2,160,32.9,0.00,0.927,2029.4,2040.8,dwell,STAY
6527.0,0.22,MCS12·SISO·160MHz·0.8us,12,1,160,33.2,0.00,1.000,1094.0,2152.5,search,SEARCH
6527.2,0.22,MCS12·MIMO·80MHz·0.8us,12,2,80,33.2,0.00,0.150,164.1,2153.1,search,SEARCH
6527.5,0.13,MCS12·MIMO·160MHz·3.2us,12,2,160,33.2,0.00,1.000,1859.8,2153.7,search,SEARCH
6527.6,10.97,MCS12·MIMO·160MHz·0.8us,12,2,160,33.2,0.00,0.985,2154.1,2154.1,dwell,STAY
6538.6,10.97,MCS12·MIMO·160MHz·0.8us,12,2,160,33.5,0.00,0.998,2183.6,2184.1,dwell,STAY
6549.5,0.10,MCS13·MIMO·160MHz·0.8us,13,2,160,33.7,0.00,0.000,0.0,2188.0,search,STAY
6549.6,0.11,MCS12·MIMO·160MHz·0.8us,12,2,160,33.7,0.00,1.000,2188.0,2188.0,search,STAY
6549.7,0.10,MCS13·MIMO·160MHz·0.8us,13,2,160,33.7,0.00,0.000,0.0,2188.0,search,STAY
6549.8,0.11,MCS12·MIMO·160MHz·0.8us,12,2,160,33.7,0.00,1.000,2188.0,2188.0,search,STAY
6550.0,0.10,MCS13·MIMO·160MHz·0.8us,13,2,160,33.7,0.00,0.000,0.0,2188.0,search,STAY
6550.1,0.11,MCS12·MIMO·160MHz·0.8us,12,2,160,33.8,0.00,1.000,2188.0,2188.0,search,STAY
6550.2,0.10,MCS13·MIMO·160MHz·0.8us,13,2,160,33.8,0.00,0.000,0.0,2188.0,search,STAY
6550.3,0.11,MCS12·MIMO·160MHz·0.8us,12,2,160,33.8,0.00,1.000,2188.0,2188.0,search,STAY
6550.4,0.10,MCS13·MIMO·160MHz·0.8us,13,2,160,33.8,0.00,0.000,0.0,2188.0,search,STAY
6550.5,0.11,MCS12·MIMO·160MHz·0.8us,12,2,160,33.8,0.00,1.000,2188.0,2188.0,search,STAY
6550.6,0.10,MCS13·MIMO·160MHz·0.8us,13,2,160,33.8,0.00,0.000,0.0,2188.0,search,STAY
6550.7,0.11,MCS12·MIMO·160MHz·0.8us,12,2,160,33.8,0.00,1.000,2188.0,2188.0,search,STAY
6550.8,0.10,MCS13·MIMO·160MHz·0.8us,13,2,160,33.8,0.00,0.000,0.0,2188.0,search,STAY
6550.9,0.11,MCS12·MIMO·160MHz·0.8us,12,2,160,33.8,0.00,1.000,2188.0,2188.0,search,STAY
6551.0,0.10,MCS13·MIMO·160MHz·0.8us,13,2,160,33.8,0.00,0.000,0.0,2188.0,search,STAY
6551.1,0.11,MCS12·MIMO·160MHz·0.8us,12,2,160,33.8,0.00,1.000,2188.0,2188.0,search,STAY
6551.2,0.10,MCS13·MIMO·160MHz·0.8us,13,2,160,33.8,0.00,0.000,0.0,2188.0,search,STAY
6551.3,0.11,MCS12·MIMO·160MHz·0.8us,12,2,160,33.8,0.00,1.000,2188.0,2188.0,search,STAY
6551.4,0.10,MCS13·MIMO·160MHz·0.8us,13,2,160,33.8,0.00,0.000,0.0,2188.0,search,STAY
6551.5,0.11,MCS12·MIMO·160MHz·0.8us,12,2,160,33.8,0.00,1.000,2188.0,2188.0,search,STAY
6551.6,0.10,MCS13·MIMO·160MHz·0.8us,13,2,160,33.8,0.00,0.000,0.0,2188.0,search,STAY
6551.7,0.11,MCS12·MIMO·160MHz·0.8us,12,2,160,33.8,0.00,1.000,2188.0,2188.0,search,STAY
6551.8,0.10,MCS13·MIMO·160MHz·0.8us,13,2,160,33.8,0.00,0.000,0.0,2188.0,search,STAY
6551.9,0.11,MCS12·MIMO·160MHz·0.8us,12,2,160,33.8,0.00,1.000,2188.0,2188.0,search,STAY
6552.0,0.10,MCS13·MIMO·160MHz·0.8us,13,2,160,33.8,0.00,0.000,0.0,2188.0,search,STAY
6552.1,0.11,MCS12·MIMO·160MHz·0.8us,12,2,160,33.8,0.00,1.000,2188.0,2188.0,search,STAY
6552.3,0.10,MCS13·MIMO·160MHz·0.8us,13,2,160,33.8,0.00,0.000,0.0,2188.0,search,STAY
6552.4,0.11,MCS12·MIMO·160MHz·0.8us,12,2,160,33.8,0.00,1.000,2188.0,2188.0,search,STAY
6552.5,0.10,MCS13·MIMO·160MHz·0.8us,13,2,160,33.8,0.00,0.000,0.0,2188.0,search,STAY
6552.6,0.11,MCS12·MIMO·160MHz·0.8us,12,2,160,33.8,0.00,1.000,2188.0,2188.0,search,STAY
6552.7,0.10,MCS13·MIMO·160MHz·0.8us,13,2,160,33.8,0.00,0.000,0.0,2188.0,search,STAY
6552.8,0.11,MCS12·MIMO·160MHz·0.8us,12,2,160,33.8,0.00,1.000,2188.0,2188.0,search,STAY
6552.9,0.10,MCS13·MIMO·160MHz·0.8us,13,2,160,33.8,0.00,0.000,0.0,2188.0,search,STAY
6553.0,0.11,MCS12·MIMO·160MHz·0.8us,12,2,160,33.8,0.00,1.000,2188.0,2188.0,search,STAY
6553.1,0.10,MCS13·MIMO·160MHz·0.8us,13,2,160,33.8,0.00,0.000,0.0,2188.0,search,STAY
6553.2,0.11,MCS12·MIMO·160MHz·0.8us,12,2,160,33.8,0.00,1.000,2188.0,2188.0,search,STAY
6553.3,0.10,MCS13·MIMO·160MHz·0.8us,13,2,160,33.8,0.00,0.000,0.0,2188.0,search,STAY
6553.4,0.22,MCS12·SISO·160MHz·0.8us,12,1,160,33.8,0.00,1.000,1094.0,2188.0,search,SEARCH
6553.6,0.22,MCS12·MIMO·80MHz·0.8us,12,2,80,33.8,0.00,0.800,875.2,2188.0,search,SEARCH
6553.8,0.13,MCS12·MIMO·160MHz·3.2us,12,2,160,33.8,0.00,1.000,1859.8,2188.0,search,SEARCH
6554.0,12.90,MCS12·MIMO·160MHz·3.2us,12,2,160,33.8,0.00,1.000,1859.8,2188.0,dwell,STAY
6566.9,0.14,MCS11·MIMO·160MHz·3.2us,11,2,160,34.2,0.00,1.000,1735.4,2188.0,search,STAY
6567.0,0.13,MCS12·MIMO·160MHz·3.2us,12,2,160,34.2,0.00,1.000,1859.8,2188.0,search,STAY
6567.1,12.90,MCS12·MIMO·160MHz·3.2us,12,2,160,34.2,0.00,1.000,1859.8,2188.0,dwell,STAY
6580.0,0.12,MCS13·MIMO·160MHz·3.2us,13,2,160,34.5,0.00,0.600,1232.2,2188.0,search,STAY
6580.2,0.13,MCS12·MIMO·160MHz·3.2us,12,2,160,34.5,0.00,1.000,1859.8,2188.0,search,STAY
6580.3,0.12,MCS13·MIMO·160MHz·3.2us,13,2,160,34.5,0.00,0.600,1232.2,2188.0,search,STAY
6580.4,0.13,MCS12·MIMO·160MHz·3.2us,12,2,160,34.5,0.00,1.000,1859.8,2188.0,search,STAY
6580.5,0.12,MCS13·MIMO·160MHz·3.2us,13,2,160,34.5,0.00,0.650,1334.8,2188.0,search,STAY
6580.6,0.13,MCS12·MIMO·160MHz·3.2us,12,2,160,34.5,0.00,1.000,1859.8,2188.0,search,STAY
6580.8,0.12,MCS13·MIMO·160MHz·3.2us,13,2,160,34.5,0.00,0.650,1334.8,2188.0,search,STAY
6580.9,0.13,MCS12·MIMO·160MHz·3.2us,12,2,160,34.5,0.00,1.000,1859.8,2188.0,search,STAY
6581.0,0.12,MCS13·MIMO·160MHz·3.2us,13,2,160,34.5,0.00,0.650,1334.8,2188.0,search,STAY
6581.1,0.13,MCS12·MIMO·160MHz·3.2us,12,2,160,34.5,0.00,1.000,1859.8,2188.0,search,STAY
6581.3,0.12,MCS13·MIMO·160MHz·3.2us,13,2,160,34.5,0.00,0.650,1334.8,2188.0,search,STAY
6581.4,0.13,MCS12·MIMO·160MHz·3.2us,12,2,160,34.5,0.00,1.000,1859.8,2188.0,search,STAY
6581.5,0.12,MCS13·MIMO·160MHz·3.2us,13,2,160,34.5,0.00,0.650,1334.8,2188.0,search,STAY
6581.6,0.13,MCS12·MIMO·160MHz·3.2us,12,2,160,34.5,0.00,1.000,1859.8,2188.0,search,STAY
6581.8,0.12,MCS13·MIMO·160MHz·3.2us,13,2,160,34.5,0.00,0.650,1334.8,2188.0,search,STAY
6581.9,0.13,MCS12·MIMO·160MHz·3.2us,12,2,160,34.5,0.00,1.000,1859.8,2188.0,search,STAY
6582.0,0.12,MCS13·MIMO·160MHz·3.2us,13,2,160,34.6,0.00,0.650,1334.8,2188.0,search,STAY
6582.1,0.13,MCS12·MIMO·160MHz·3.2us,12,2,160,34.6,0.00,1.000,1859.8,2188.0,search,STAY
6582.3,0.12,MCS13·MIMO·160MHz·3.2us,13,2,160,34.6,0.00,0.650,1334.8,2188.0,search,STAY
6582.4,0.13,MCS12·MIMO·160MHz·3.2us,12,2,160,34.6,0.00,1.000,1859.8,2188.0,search,STAY
6582.5,0.12,MCS13·MIMO·160MHz·3.2us,13,2,160,34.6,0.00,0.650,1334.8,2188.0,search,STAY
6582.6,0.13,MCS12·MIMO·160MHz·3.2us,12,2,160,34.6,0.00,1.000,1859.8,2188.0,search,STAY
6582.7,0.12,MCS13·MIMO·160MHz·3.2us,13,2,160,34.6,0.00,0.650,1334.8,2188.0,search,STAY
6582.9,0.13,MCS12·MIMO·160MHz·3.2us,12,2,160,34.6,0.00,1.000,1859.8,2188.0,search,STAY
6583.0,0.12,MCS13·MIMO·160MHz·3.2us,13,2,160,34.6,0.00,0.650,1334.8,2188.0,search,STAY
6583.1,0.13,MCS12·MIMO·160MHz·3.2us,12,2,160,34.6,0.00,1.000,1859.8,2188.0,search,STAY
6583.2,0.12,MCS13·MIMO·160MHz·3.2us,13,2,160,34.6,0.00,0.650,1334.8,2188.0,search,STAY
6583.4,0.13,MCS12·MIMO·160MHz·3.2us,12,2,160,34.6,0.00,1.000,1859.8,2188.0,search,STAY
6583.5,0.12,MCS13·MIMO·160MHz·3.2us,13,2,160,34.6,0.00,0.650,1334.8,2188.0,search,STAY
6583.6,0.26,MCS12·SISO·160MHz·3.2us,12,1,160,34.6,0.00,1.000,929.9,2188.0,search,SEARCH
6583.9,0.26,MCS12·MIMO·80MHz·3.2us,12,2,80,34.6,0.00,1.000,929.9,2188.0,search,SEARCH
6584.1,0.11,MCS12·MIMO·160MHz·0.8us,12,2,160,34.6,0.00,1.000,2188.0,2188.0,search,SEARCH
6584.2,10.97,MCS12·MIMO·160MHz·0.8us,12,2,160,34.6,0.00,1.000,2188.0,2188.0,dwell,STAY
6595.2,0.10,MCS13·MIMO·160MHz·0.8us,13,2,160,34.9,0.00,0.300,724.8,2188.0,search,STAY
6595.3,0.11,MCS12·MIMO·160MHz·0.8us,12,2,160,34.9,0.00,1.000,2188.0,2188.0,search,STAY
6595.4,0.10,MCS13·MIMO·160MHz·0.8us,13,2,160,34.9,0.00,0.350,845.6,2188.0,search,STAY
6595.5,0.11,MCS12·MIMO·160MHz·0.8us,12,2,160,34.9,0.00,1.000,2188.0,2188.0,search,STAY
6595.6,0.10,MCS13·MIMO·160MHz·0.8us,13,2,160,34.9,0.00,0.350,845.6,2188.0,search,STAY
6595.7,0.11,MCS12·MIMO·160MHz·0.8us,12,2,160,34.9,0.00,1.000,2188.0,2188.0,search,STAY
6595.8,0.10,MCS13·MIMO·160MHz·0.8us,13,2,160,34.9,0.00,0.350,845.6,2188.0,search,STAY
6595.9,0.11,MCS12·MIMO·160MHz·0.8us,12,2,160,34.9,0.00,1.000,2188.0,2188.0,search,STAY
6596.0,0.10,MCS13·MIMO·160MHz·0.8us,13,2,160,34.9,0.00,0.350,845.6,2188.0,search,STAY
6596.1,0.11,MCS12·MIMO·160MHz·0.8us,12,2,160,34.9,0.00,1.000,2188.0,2188.0,search,STAY
6596.2,0.10,MCS13·MIMO·160MHz·0.8us,13,2,160,34.9,0.00,0.350,845.6,2188.0,search,STAY
6596.3,0.11,MCS12·MIMO·160MHz·0.8us,12,2,160,34.9,0.00,1.000,2188.0,2188.0,search,STAY
6596.4,0.10,MCS13·MIMO·160MHz·0.8us,13,2,160,34.9,0.00,0.350,845.6,2188.0,search,STAY
6596.5,0.11,MCS12·MIMO·160MHz·0.8us,12,2,160,34.9,0.00,1.000,2188.0,2188.0,search,STAY
6596.7,0.10,MCS13·MIMO·160MHz·0.8us,13,2,160,34.9,0.00,0.350,845.6,2188.0,search,STAY
6596.8,0.11,MCS12·MIMO·160MHz·0.8us,12,2,160,34.9,0.00,1.000,2188.0,2188.0,search,STAY
6596.9,0.10,MCS13·MIMO·160MHz·0.8us,13,2,160,34.9,0.00,0.350,845.6,2188.0,search,STAY
6597.0,0.11,MCS12·MIMO·160MHz·0.8us,12,2,160,34.9,0.00,1.000,2188.0,2188.0,search,STAY
6597.1,0.10,MCS13·MIMO·160MHz·0.8us,13,2,160,34.9,0.00,0.350,845.6,2188.0,search,STAY
6597.2,0.11,MCS12·MIMO·160MHz·0.8us,12,2,160,34.9,0.00,1.000,2188.0,2188.0,search,STAY
6597.3,0.10,MCS13·MIMO·160MHz·0.8us,13,2,160,34.9,0.00,0.350,845.6,2188.0,search,STAY
6597.4,0.11,MCS12·MIMO·160MHz·0.8us,12,2,160,34.9,0.00,1.000,2188.0,2188.0,search,STAY
6597.5,0.10,MCS13·MIMO·160MHz·0.8us,13,2,160,34.9,0.00,0.350,845.6,2188.0,search,STAY
6597.6,0.11,MCS12·MIMO·160MHz·0.8us,12,2,160,34.9,0.00,1.000,2188.0,2188.0,search,STAY
6597.7,0.10,MCS13·MIMO·160MHz·0.8us,13,2,160,34.9,0.00,0.350,845.6,2188.0,search,STAY
6597.8,0.11,MCS12·MIMO·160MHz·0.8us,12,2,160,34.9,0.00,1.000,2188.0,2188.0,search,STAY
6597.9,0.10,MCS13·MIMO·160MHz·0.8us,13,2,160,34.9,0.00,0.400,966.4,2188.0,search,STAY
6598.0,0.11,MCS12·MIMO·160MHz·0.8us,12,2,160,35.0,0.00,1.000,2188.0,2188.0,search,STAY
6598.1,0.10,MCS13·MIMO·160MHz·0.8us,13,2,160,35.0,0.00,0.400,966.4,2188.0,search,STAY
6598.2,0.11,MCS12·MIMO·160MHz·0.8us,12,2,160,35.0,0.00,1.000,2188.0,2188.0,search,STAY
6598.3,0.10,MCS13·MIMO·160MHz·0.8us,13,2,160,35.0,0.00,0.400,966.4,2188.0,search,STAY
6598.4,0.11,MCS12·MIMO·160MHz·0.8us,12,2,160,35.0,0.00,1.000,2188.0,2188.0,search,STAY
6598.5,0.10,MCS13·MIMO·160MHz·0.8us,13,2,160,35.0,0.00,0.400,966.4,2188.0,search,STAY
6598.6,0.11,MCS12·MIMO·160MHz·0.8us,12,2,160,35.0,0.00,1.000,2188.0,2188.0,search,STAY
6598.7,0.10,MCS13·MIMO·160MHz·0.8us,13,2,160,35.0,0.00,0.400,966.4,2188.0,search,STAY
6598.8,0.11,MCS12·MIMO·160MHz·0.8us,12,2,160,35.0,0.00,1.000,2188.0,2188.0,search,STAY
6599.0,0.10,MCS13·MIMO·160MHz·0.8us,13,2,160,35.0,0.00,0.400,966.4,2188.0,search,STAY
6599.1,0.11,MCS12·MIMO·160MHz·0.8us,12,2,160,35.0,0.00,1.000,2188.0,2188.0,search,STAY
6599.2,0.10,MCS13·MIMO·160MHz·0.8us,13,2,160,35.0,0.00,0.400,966.4,2188.0,search,STAY
6599.3,0.11,MCS12·MIMO·160MHz·0.8us,12,2,160,35.0,0.00,1.000,2188.0,2188.0,search,STAY
6599.4,0.10,MCS13·MIMO·160MHz·0.8us,13,2,160,35.0,0.00,0.400,966.4,2188.0,search,STAY
6599.5,0.11,MCS12·MIMO·160MHz·0.8us,12,2,160,35.0,0.00,1.000,2188.0,2188.0,search,STAY
6599.6,0.10,MCS13·MIMO·160MHz·0.8us,13,2,160,35.0,0.00,0.400,966.4,2188.0,search,STAY
6599.7,0.11,MCS12·MIMO·160MHz·0.8us,12,2,160,35.0,0.00,1.000,2188.0,2188.0,search,STAY
6599.8,0.10,MCS13·MIMO·160MHz·0.8us,13,2,160,35.0,0.00,0.400,966.4,2188.0,search,STAY
6599.9,0.11,MCS12·MIMO·160MHz·0.8us,12,2,160,35.0,0.00,1.000,2188.0,2188.0,search,STAY
6600.0,0.10,MCS13·MIMO·160MHz·0.8us,13,2,160,35.0,0.00,0.400,966.4,2188.0,search,STAY
6600.1,0.11,MCS12·MIMO·160MHz·0.8us,12,2,160,35.0,0.00,1.000,2188.0,2188.0,search,STAY
6600.2,0.10,MCS13·MIMO·160MHz·0.8us,13,2,160,35.0,0.00,0.450,1087.2,2188.0,search,STAY
6600.3,0.11,MCS12·MIMO·160MHz·0.8us,12,2,160,35.0,0.00,1.000,2188.0,2188.0,search,STAY
6600.4,0.10,MCS13·MIMO·160MHz·0.8us,13,2,160,35.0,0.00,0.450,1087.2,2188.0,search,STAY
6600.5,0.11,MCS12·MIMO·160MHz·0.8us,12,2,160,35.0,0.00,1.000,2188.0,2188.0,search,STAY
6600.6,0.10,MCS13·MIMO·160MHz·0.8us,13,2,160,35.0,0.00,0.450,1087.2,2188.0,search,STAY
6600.7,0.11,MCS12·MIMO·160MHz·0.8us,12,2,160,35.0,0.00,1.000,2188.0,2188.0,search,STAY
6600.8,0.10,MCS13·MIMO·160MHz·0.8us,13,2,160,35.0,0.00,0.450,1087.2,2188.0,search,STAY
6600.9,0.11,MCS12·MIMO·160MHz·0.8us,12,2,160,35.0,0.00,1.000,2188.0,2188.0,search,STAY
6601.0,0.10,MCS13·MIMO·160MHz·0.8us,13,2,160,35.0,0.00,0.450,1087.2,2188.0,search,STAY
6601.1,0.11,MCS12·MIMO·160MHz·0.8us,12,2,160,35.0,0.00,1.000,2188.0,2188.0,search,STAY
6601.3,0.10,MCS13·MIMO·160MHz·0.8us,13,2,160,35.0,0.00,0.450,1087.2,2188.0,search,STAY
6601.4,0.11,MCS12·MIMO·160MHz·0.8us,12,2,160,35.0,0.00,1.000,2188.0,2188.0,search,STAY
6601.5,0.10,MCS13·MIMO·160MHz·0.8us,13,2,160,35.0,0.00,0.450,1087.2,2188.0,search,STAY
6601.6,0.11,MCS12·MIMO·160MHz·0.8us,12,2,160,35.0,0.00,1.000,2188.0,2188.0,search,STAY
6601.7,0.10,MCS13·MIMO·160MHz·0.8us,13,2,160,35.0,0.00,0.450,1087.2,2188.0,search,STAY
6601.8,0.11,MCS12·MIMO·160MHz·0.8us,12,2,160,35.0,0.00,1.000,2188.0,2188.0,search,STAY
6601.9,0.10,MCS13·MIMO·160MHz·0.8us,13,2,160,35.0,0.00,0.450,1087.2,2188.0,search,STAY
6602.0,0.22,MCS12·SISO·160MHz·0.8us,12,1,160,35.0,0.00,1.000,1094.0,2188.0,search,SEARCH
6602.2,0.22,MCS12·MIMO·80MHz·0.8us,12,2,80,35.1,0.00,1.000,1094.0,2188.0,search,SEARCH
6602.4,0.13,MCS12·MIMO·160MHz·3.2us,12,2,160,35.1,0.00,1.000,1859.8,2188.0,search,SEARCH
6602.6,12.90,MCS12·MIMO·160MHz·3.2us,12,2,160,35.1,0.00,1.000,1859.8,2188.0,dwell,STAY
6615.5,0.12,MCS13·MIMO·160MHz·3.2us,13,2,160,35.4,0.00,0.950,1950.9,2188.0,search,STAY
6615.6,0.13,MCS12·MIMO·160MHz·3.2us,12,2,160,35.4,0.00,1.000,1859.8,2188.0,search,STAY
6615.7,0.12,MCS13·MIMO·160MHz·3.2us,13,2,160,35.4,0.00,0.950,1950.9,2188.0,search,STAY
6615.8,0.13,MCS12·MIMO·160MHz·3.2us,12,2,160,35.4,0.00,1.000,1859.8,2188.0,search,STAY
6615.9,0.12,MCS13·MIMO·160MHz·3.2us,13,2,160,35.4,0.00,0.950,1950.9,2188.0,search,STAY
6616.1,0.13,MCS12·MIMO·160MHz·3.2us,12,2,160,35.4,0.00,1.000,1859.8,2188.0,search,STAY
6616.2,0.12,MCS13·MIMO·160MHz·3.2us,13,2,160,35.4,0.00,0.950,1950.9,2188.0,search,STAY
6616.3,11.69,MCS13·MIMO·160MHz·3.2us,13,2,160,35.4,0.00,0.963,1976.6,2188.0,dwell,STAY
6628.0,11.69,MCS13·MIMO·160MHz·3.2us,13,2,160,35.7,0.00,0.987,2026.9,2374.9,dwell,STAY
6639.7,0.23,MCS13·SISO·160MHz·3.2us,13,1,160,36.0,0.00,1.000,1026.8,2403.2,search,SEARCH
6639.9,0.23,MCS13·MIMO·80MHz·3.2us,13,2,80,36.0,0.00,0.900,924.1,2403.7,search,SEARCH
6640.2,0.10,MCS13·MIMO·160MHz·0.8us,13,2,160,36.0,0.00,1.000,2416.0,2404.0,search,SEARCH
6640.3,11.69,MCS13·MIMO·160MHz·3.2us,13,2,160,36.0,0.00,0.976,2003.3,2404.1,dwell,STAY
6651.9,11.69,MCS13·MIMO·160MHz·3.2us,13,2,160,36.3,0.00,0.989,2030.0,2411.1,dwell,STAY
6663.6,11.69,MCS13·MIMO·160MHz·3.2us,13,2,160,36.6,0.00,0.999,2050.5,2414.2,dwell,STAY
6675.3,11.69,MCS13·MIMO·160MHz·3.2us,13,2,160,36.9,0.00,1.000,2052.6,2408.6,dwell,STAY
6687.0,11.69,MCS13·MIMO·160MHz·3.2us,13,2,160,37.2,0.00,1.000,2053.6,2409.7,dwell,STAY
6698.7,11.69,MCS13·MIMO·160MHz·3.2us,13,2,160,37.5,0.00,1.000,2053.6,2415.4,dwell,STAY
6710.4,11.69,MCS13·MIMO·160MHz·3.2us,13,2,160,37.8,0.00,1.000,2053.6,2416.0,dwell,STAY
6722.1,11.69,MCS13·MIMO·160MHz·3.2us,13,2,160,38.1,0.00,1.000,2052.6,2416.0,dwell,STAY
6733.7,11.69,MCS13·MIMO·160MHz·3.2us,13,2,160,38.3,0.00,0.998,2048.5,2416.0,dwell,STAY
6745.4,11.69,MCS13·MIMO·160MHz·3.2us,13,2,160,38.6,0.00,0.997,2047.4,2416.0,dwell,STAY
6757.1,11.69,MCS13·MIMO·160MHz·3.2us,13,2,160,38.9,0.00,1.000,2052.6,2416.0,dwell,STAY
6768.8,11.69,MCS13·MIMO·160MHz·3.2us,13,2,160,39.2,0.00,1.000,2053.6,2416.0,dwell,STAY
6780.5,11.69,MCS13·MIMO·160MHz·3.2us,13,2,160,39.5,0.00,1.000,2053.6,2416.0,dwell,STAY
6792.2,11.69,MCS13·MIMO·160MHz·3.2us,13,2,160,39.8,0.00,1.000,2053.6,2416.0,dwell,STAY
6803.9,11.69,MCS13·MIMO·160MHz·3.2us,13,2,160,40.1,0.00,1.000,2053.6,2416.0,dwell,STAY
6815.6,11.69,MCS13·MIMO·160MHz·3.2us,13,2,160,40.4,0.00,1.000,2053.6,2416.0,dwell,STAY
6827.2,11.69,MCS13·MIMO·160MHz·3.2us,13,2,160,40.7,0.00,1.000,2053.6,2416.0,dwell,STAY
6838.9,11.69,MCS13·MIMO·160MHz·3.2us,13,2,160,41.0,0.00,1.000,2053.6,2416.0,dwell,STAY
6850.6,11.69,MCS13·MIMO·160MHz·3.2us,13,2,160,41.3,0.00,1.000,2053.6,2416.0,dwell,STAY
6862.3,11.69,MCS13·MIMO·160MHz·3.2us,13,2,160,41.6,0.00,1.000,2053.6,2416.0,dwell,STAY
6874.0,11.69,MCS13·MIMO·160MHz·3.2us,13,2,160,41.8,0.00,1.000,2053.6,2416.0,dwell,STAY
6885.7,11.69,MCS13·MIMO·160MHz·3.2us,13,2,160,42.1,0.00,1.000,2053.6,2416.0,dwell,STAY
6897.4,11.69,MCS13·MIMO·160MHz·3.2us,13,2,160,42.4,0.00,1.000,2053.6,2416.0,dwell,STAY
6909.0,11.69,MCS13·MIMO·160MHz·3.2us,13,2,160,42.7,0.00,1.000,2053.6,2416.0,dwell,STAY
6920.7,11.69,MCS13·MIMO·160MHz·3.2us,13,2,160,43.0,0.00,1.000,2053.6,2416.0,dwell,STAY
6932.4,11.69,MCS13·MIMO·160MHz·3.2us,13,2,160,43.3,0.00,1.000,2053.6,2416.0,dwell,STAY
6944.1,11.69,MCS13·MIMO·160MHz·3.2us,13,2,160,43.6,0.00,1.000,2053.6,2416.0,dwell,STAY
6955.8,0.23,MCS13·SISO·160MHz·3.2us,13,1,160,43.9,0.00,1.000,1026.8,2416.0,search,SEARCH
6956.0,0.23,MCS13·MIMO·80MHz·3.2us,13,2,80,43.9,0.00,1.000,1026.8,2416.0,search,SEARCH
6956.3,0.10,MCS13·MIMO·160MHz·0.8us,13,2,160,43.9,0.00,1.000,2416.0,2416.0,search,SEARCH
6956.4,11.69,MCS13·MIMO·160MHz·3.2us,13,2,160,43.9,0.00,1.000,2053.6,2416.0,dwell,STAY
6968.0,11.69,MCS13·MIMO·160MHz·3.2us,13,2,160,44.2,0.00,1.000,2053.6,2416.0,dwell,STAY
6979.7,11.69,MCS13·MIMO·160MHz·3.2us,13,2,160,44.5,0.00,1.000,2053.6,2416.0,dwell,STAY
6991.4,11.69,MCS13·MIMO·160MHz·3.2us,13,2,160,44.8,0.00,1.000,2053.6,2416.0,dwell,STAY
7003.1,11.69,MCS13·MIMO·160MHz·3.2us,13,2,160,45.1,0.00,1.000,2053.6,2416.0,dwell,STAY
7014.8,11.69,MCS13·MIMO·160MHz·3.2us,13,2,160,45.4,0.00,1.000,2053.6,2416.0,dwell,STAY
7026.5,11.69,MCS13·MIMO·160MHz·3.2us,13,2,160,45.7,0.00,1.000,2053.6,2416.0,dwell,STAY
7038.2,11.69,MCS13·MIMO·160MHz·3.2us,13,2,160,46.0,0.00,1.000,2053.6,2416.0,dwell,STAY
7049.9,11.69,MCS13·MIMO·160MHz·3.2us,13,2,160,46.2,0.00,1.000,2053.6,2416.0,dwell,STAY
7061.5,11.69,MCS13·MIMO·160MHz·3.2us,13,2,160,46.5,0.00,1.000,2053.6,2416.0,dwell,STAY
7073.2,11.69,MCS13·MIMO·160MHz·3.2us,13,2,160,46.8,0.00,1.000,2053.6,2416.0,dwell,STAY
7084.9,11.69,MCS13·MIMO·160MHz·3.2us,13,2,160,47.1,0.00,1.000,2053.6,2416.0,dwell,STAY
7096.6,11.69,MCS13·MIMO·160MHz·3.2us,13,2,160,47.4,0.00,1.000,2053.6,2416.0,dwell,STAY
7108.3,11.69,MCS13·MIMO·160MHz·3.2us,13,2,160,47.7,0.00,1.000,2053.6,2416.0,dwell,STAY
7120.0,11.69,MCS13·MIMO·160MHz·3.2us,13,2,160,48.0,0.00,1.000,2053.6,2416.0,dwell,STAY
7131.7,11.69,MCS13·MIMO·160MHz·3.2us,13,2,160,48.3,0.00,1.000,2053.6,2416.0,dwell,STAY
7143.4,11.69,MCS13·MIMO·160MHz·3.2us,13,2,160,48.6,0.00,1.000,2053.6,2416.0,dwell,STAY
7155.0,11.69,MCS13·MIMO·160MHz·3.2us,13,2,160,48.9,0.00,1.000,2053.6,2416.0,dwell,STAY
7166.7,11.69,MCS13·MIMO·160MHz·3.2us,13,2,160,49.2,0.00,1.000,2053.6,2416.0,dwell,STAY
7178.4,11.69,MCS13·MIMO·160MHz·3.2us,13,2,160,49.5,0.00,1.000,2053.6,2416.0,dwell,STAY
7190.1,11.69,MCS13·MIMO·160MHz·3.2us,13,2,160,49.8,0.00,1.000,2053.6,2416.0,dwell,STAY
7201.8,11.69,MCS13·MIMO·160MHz·3.2us,13,2,160,50.0,0.00,1.000,2053.6,2416.0,dwell,STAY
7213.5,11.69,MCS13·MIMO·160MHz·3.2us,13,2,160,50.3,0.00,1.000,2053.6,2416.0,dwell,STAY
7225.2,11.69,MCS13·MIMO·160MHz·3.2us,13,2,160,50.6,0.00,1.000,2053.6,2416.0,dwell,STAY
7236.8,11.69,MCS13·MIMO·160MHz·3.2us,13,2,160,50.9,0.00,1.000,2053.6,2416.0,dwell,STAY
7248.5,11.69,MCS13·MIMO·160MHz·3.2us,13,2,160,51.2,0.00,1.000,2053.6,2416.0,dwell,STAY
7260.2,11.69,MCS13·MIMO·160MHz·3.2us,13,2,160,51.5,0.00,1.000,2053.6,2416.0,dwell,STAY
7271.9,0.23,MCS13·SISO·160MHz·3.2us,13,1,160,51.8,0.00,1.000,1026.8,2416.0,search,SEARCH
7272.1,0.23,MCS13·MIMO·80MHz·3.2us,13,2,80,51.8,0.00,1.000,1026.8,2416.0,search,SEARCH
7272.4,0.10,MCS13·MIMO·160MHz·0.8us,13,2,160,51.8,0.00,1.000,2416.0,2416.0,search,SEARCH
7272.5,9.93,MCS13·MIMO·160MHz·0.8us,13,2,160,51.8,0.00,1.000,2416.0,2416.0,dwell,STAY
7282.4,9.93,MCS13·MIMO·160MHz·0.8us,13,2,160,52.1,0.00,1.000,2416.0,2416.0,dwell,STAY
7292.3,9.93,MCS13·MIMO·160MHz·0.8us,13,2,160,52.3,0.00,1.000,2416.0,2416.0,dwell,STAY
7302.3,9.93,MCS13·MIMO·160MHz·0.8us,13,2,160,52.6,0.00,1.000,2416.0,2416.0,dwell,STAY
7312.2,9.93,MCS13·MIMO·160MHz·0.8us,13,2,160,52.8,0.00,1.000,2416.0,2416.0,dwell,STAY
7322.1,9.93,MCS13·MIMO·160MHz·0.8us,13,2,160,53.1,0.00,1.000,2416.0,2416.0,dwell,STAY
7332.1,9.93,MCS13·MIMO·160MHz·0.8us,13,2,160,53.3,0.00,1.000,2416.0,2416.0,dwell,STAY
7342.0,9.93,MCS13·MIMO·160MHz·0.8us,13,2,160,53.6,0.00,1.000,2416.0,2416.0,dwell,STAY
7351.9,9.93,MCS13·MIMO·160MHz·0.8us,13,2,160,53.8,0.00,1.000,2416.0,2416.0,dwell,STAY
7361.9,9.93,MCS13·MIMO·160MHz·0.8us,13,2,160,54.0,0.00,1.000,2416.0,2416.0,dwell,STAY
7371.8,9.93,MCS13·MIMO·160MHz·0.8us,13,2,160,54.3,0.00,1.000,2416.0,2416.0,dwell,STAY
7381.7,9.93,MCS13·MIMO·160MHz·0.8us,13,2,160,54.5,0.00,1.000,2416.0,2416.0,dwell,STAY
7391.7,9.93,MCS13·MIMO·160MHz·0.8us,13,2,160,54.8,0.00,1.000,2416.0,2416.0,dwell,STAY
7401.6,9.93,MCS13·MIMO·160MHz·0.8us,13,2,160,55.0,0.00,1.000,2416.0,2416.0,dwell,STAY
7411.5,9.93,MCS13·MIMO·160MHz·0.8us,13,2,160,55.3,0.00,1.000,2416.0,2416.0,dwell,STAY
7421.5,9.93,MCS13·MIMO·160MHz·0.8us,13,2,160,55.5,0.00,1.000,2416.0,2416.0,dwell,STAY
7431.4,9.93,MCS13·MIMO·160MHz·0.8us,13,2,160,55.8,0.00,1.000,2416.0,2416.0,dwell,STAY
7441.3,9.93,MCS13·MIMO·160MHz·0.8us,13,2,160,56.0,0.00,1.000,2416.0,2416.0,dwell,STAY
7451.3,9.93,MCS13·MIMO·160MHz·0.8us,13,2,160,56.3,0.00,1.000,2416.0,2416.0,dwell,STAY
7461.2,9.93,MCS13·MIMO·160MHz·0.8us,13,2,160,56.5,0.00,1.000,2416.0,2416.0,dwell,STAY
7471.1,9.93,MCS13·MIMO·160MHz·0.8us,13,2,160,56.8,0.00,1.000,2416.0,2416.0,dwell,STAY
7481.1,9.93,MCS13·MIMO·160MHz·0.8us,13,2,160,57.0,0.00,1.000,2416.0,2416.0,dwell,STAY
7491.0,9.93,MCS13·MIMO·160MHz·0.8us,13,2,160,57.3,0.00,1.000,2416.0,2416.0,dwell,STAY
7500.9,9.93,MCS13·MIMO·160MHz·0.8us,13,2,160,57.5,0.00,1.000,2416.0,2416.0,dwell,STAY
7510.9,9.93,MCS13·MIMO·160MHz·0.8us,13,2,160,57.8,0.00,1.000,2416.0,2416.0,dwell,STAY
7520.8,9.93,MCS13·MIMO·160MHz·0.8us,13,2,160,58.0,0.00,1.000,2416.0,2416.0,dwell,STAY
7530.7,9.93,MCS13·MIMO·160MHz·0.8us,13,2,160,58.3,0.00,1.000,2416.0,2416.0,dwell,STAY
7540.7,9.93,MCS13·MIMO·160MHz·0.8us,13,2,160,58.5,0.00,1.000,2416.0,2416.0,dwell,STAY
7550.6,9.93,MCS13·MIMO·160MHz·0.8us,13,2,160,58.8,0.00,1.000,2416.0,2416.0,dwell,STAY
7560.6,9.93,MCS13·MIMO·160MHz·0.8us,13,2,160,59.0,0.00,1.000,2416.0,2416.0,dwell,STAY
7570.5,9.93,MCS13·MIMO·160MHz·0.8us,13,2,160,59.3,0.00,1.000,2416.0,2416.0,dwell,STAY
7580.4,9.93,MCS13·MIMO·160MHz·0.8us,13,2,160,59.5,0.00,1.000,2416.0,2416.0,dwell,STAY
7590.4,0.20,MCS13·SISO·160MHz·0.8us,13,1,160,59.8,0.00,1.000,1208.0,2416.0,search,SEARCH
7590.6,0.20,MCS13·MIMO·80MHz·0.8us,13,2,80,59.8,0.00,1.000,1208.0,2416.0,search,SEARCH
7590.7,0.12,MCS13·MIMO·160MHz·3.2us,13,2,160,59.8,0.00,1.000,2053.6,2416.0,search,SEARCH
7590.9,9.93,MCS13·MIMO·160MHz·0.8us,13,2,160,59.8,0.00,1.000,2416.0,2416.0,dwell,STAY
7600.8,9.93,MCS13·MIMO·160MHz·0.8us,13,2,160,60.0,0.00,1.000,2416.0,2416.0,dwell,STAY
7610.7,9.93,MCS13·MIMO·160MHz·0.8us,13,2,160,60.0,0.00,1.000,2416.0,2416.0,dwell,STAY
7620.7,9.93,MCS13·MIMO·160MHz·0.8us,13,2,160,60.0,0.00,1.000,2416.0,2416.0,dwell,STAY
7630.6,9.93,MCS13·MIMO·160MHz·0.8us,13,2,160,60.0,0.00,1.000,2416.0,2416.0,dwell,STAY
7640.5,9.93,MCS13·MIMO·160MHz·0.8us,13,2,160,60.0,0.00,1.000,2416.0,2416.0,dwell,STAY
7650.5,9.93,MCS13·MIMO·160MHz·0.8us,13,2,160,60.0,0.00,1.000,2416.0,2416.0,dwell,STAY
7660.4,9.93,MCS13·MIMO·160MHz·0.8us,13,2,160,60.0,0.00,1.000,2416.0,2416.0,dwell,STAY
7670.3,9.93,MCS13·MIMO·160MHz·0.8us,13,2,160,60.0,0.00,1.000,2416.0,2416.0,dwell,STAY
7680.3,9.93,MCS13·MIMO·160MHz·0.8us,13,2,160,60.0,0.00,1.000,2416.0,2416.0,dwell,STAY
7690.2,9.93,MCS13·MIMO·160MHz·0.8us,13,2,160,60.0,0.00,1.000,2416.0,2416.0,dwell,STAY
7700.1,9.93,MCS13·MIMO·160MHz·0.8us,13,2,160,60.0,0.00,1.000,2416.0,2416.0,dwell,STAY
7710.1,9.93,MCS13·MIMO·160MHz·0.8us,13,2,160,60.0,0.00,1.000,2416.0,2416.0,dwell,STAY
7720.0,9.93,MCS13·MIMO·160MHz·0.8us,13,2,160,60.0,0.00,1.000,2416.0,2416.0,dwell,STAY
7729.9,9.93,MCS13·MIMO·160MHz·0.8us,13,2,160,60.0,0.00,1.000,2416.0,2416.0,dwell,STAY
7739.9,9.93,MCS13·MIMO·160MHz·0.8us,13,2,160,60.0,0.00,1.000,2416.0,2416.0,dwell,STAY
7749.8,9.93,MCS13·MIMO·160MHz·0.8us,13,2,160,60.0,0.00,1.000,2416.0,2416.0,dwell,STAY
7759.7,9.93,MCS13·MIMO·160MHz·0.8us,13,2,160,60.0,0.00,1.000,2416.0,2416.0,dwell,STAY
7769.7,9.93,MCS13·MIMO·160MHz·0.8us,13,2,160,60.0,0.00,1.000,2416.0,2416.0,dwell,STAY
7779.6,9.93,MCS13·MIMO·160MHz·0.8us,13,2,160,60.0,0.00,1.000,2416.0,2416.0,dwell,STAY
7789.5,9.93,MCS13·MIMO·160MHz·0.8us,13,2,160,60.0,0.00,1.000,2416.0,2416.0,dwell,STAY
7799.5,9.93,MCS13·MIMO·160MHz·0.8us,13,2,160,60.0,0.00,1.000,2416.0,2416.0,dwell,STAY
7809.4,9.93,MCS13·MIMO·160MHz·0.8us,13,2,160,60.0,0.00,1.000,2416.0,2416.0,dwell,STAY
7819.3,9.93,MCS13·MIMO·160MHz·0.8us,13,2,160,60.0,0.00,1.000,2416.0,2416.0,dwell,STAY
7829.3,9.93,MCS13·MIMO·160MHz·0.8us,13,2,160,60.0,0.00,1.000,2416.0,2416.0,dwell,STAY
7839.2,9.93,MCS13·MIMO·160MHz·0.8us,13,2,160,60.0,0.00,1.000,2416.0,2416.0,dwell,STAY
7849.1,9.93,MCS13·MIMO·160MHz·0.8us,13,2,160,60.0,0.00,1.000,2416.0,2416.0,dwell,STAY
7859.1,9.93,MCS13·MIMO·160MHz·0.8us,13,2,160,60.0,0.00,1.000,2416.0,2416.0,dwell,STAY
7869.0,9.93,MCS13·MIMO·160MHz·0.8us,13,2,160,60.0,0.00,1.000,2416.0,2416.0,dwell,STAY
7878.9,9.93,MCS13·MIMO·160MHz·0.8us,13,2,160,60.0,0.00,1.000,2416.0,2416.0,dwell,STAY
7888.9,9.93,MCS13·MIMO·160MHz·0.8us,13,2,160,60.0,0.00,1.000,2416.0,2416.0,dwell,STAY
7898.8,9.93,MCS13·MIMO·160MHz·0.8us,13,2,160,60.0,0.00,1.000,2416.0,2416.0,dwell,STAY
7908.7,0.20,MCS13·SISO·160MHz·0.8us,13,1,160,60.0,0.00,1.000,1208.0,2416.0,search,SEARCH
7908.9,0.20,MCS13·MIMO·80MHz·0.8us,13,2,80,60.0,0.00,1.000,1208.0,2416.0,search,SEARCH
7909.1,0.12,MCS13·MIMO·160MHz·3.2us,13,2,160,60.0,0.00,1.000,2053.6,2416.0,search,SEARCH
7909.3,9.93,MCS13·MIMO·160MHz·0.8us,13,2,160,60.0,0.00,1.000,2416.0,2416.0,dwell,STAY
7919.2,9.93,MCS13·MIMO·160MHz·0.8us,13,2,160,60.0,0.00,1.000,2416.0,2416.0,dwell,STAY
7929.1,9.93,MCS13·MIMO·160MHz·0.8us,13,2,160,60.0,0.00,1.000,2416.0,2416.0,dwell,STAY
7939.1,9.93,MCS13·MIMO·160MHz·0.8us,13,2,160,60.0,0.00,1.000,2416.0,2416.0,dwell,STAY
7949.0,9.93,MCS13·MIMO·160MHz·0.8us,13,2,160,60.0,0.00,1.000,2416.0,2416.0,dwell,STAY
7958.9,9.93,MCS13·MIMO·160MHz·0.8us,13,2,160,60.0,0.00,1.000,2416.0,2416.0,dwell,STAY
7968.9,9.93,MCS13·MIMO·160MHz·0.8us,13,2,160,60.0,0.00,1.000,2416.0,2416.0,dwell,STAY
7978.8,9.93,MCS13·MIMO·160MHz·0.8us,13,2,160,60.0,0.00,1.000,2416.0,2416.0,dwell,STAY
7988.7,9.93,MCS13·MIMO·160MHz·0.8us,13,2,160,60.0,0.00,1.000,2416.0,2416.0,dwell,STAY
7998.7,9.93,MCS13·MIMO·160MHz·0.8us,13,2,160,60.0,0.00,1.000,2416.0,2416.0,dwell,STAY
8008.6,9.93,MCS13·MIMO·160MHz·0.8us,13,2,160,60.0,0.00,1.000,2416.0,2416.0,dwell,STAY
8018.5,9.93,MCS13·MIMO·160MHz·0.8us,13,2,160,60.0,0.00,1.000,2416.0,2416.0,dwell,STAY
8028.5,9.93,MCS13·MIMO·160MHz·0.8us,13,2,160,60.0,0.00,1.000,2416.0,2416.0,dwell,STAY
8038.4,9.93,MCS13·MIMO·160MHz·0.8us,13,2,160,60.0,0.00,1.000,2416.0,2416.0,dwell,STAY
8048.3,9.93,MCS13·MIMO·160MHz·0.8us,13,2,160,60.0,0.00,1.000,2416.0,2416.0,dwell,STAY
8058.3,9.93,MCS13·MIMO·160MHz·0.8us,13,2,160,60.0,0.00,1.000,2416.0,2416.0,dwell,STAY
8068.2,9.93,MCS13·MIMO·160MHz·0.8us,13,2,160,60.0,0.00,1.000,2416.0,2416.0,dwell,STAY
8078.1,9.93,MCS13·MIMO·160MHz·0.8us,13,2,160,60.0,0.00,1.000,2416.0,2416.0,dwell,STAY
8088.1,9.93,MCS13·MIMO·160MHz·0.8us,13,2,160,60.0,0.00,1.000,2416.0,2416.0,dwell,STAY
8098.0,9.93,MCS13·MIMO·160MHz·0.8us,13,2,160,60.0,0.00,1.000,2416.0,2416.0,dwell,STAY
8107.9,9.93,MCS13·MIMO·160MHz·0.8us,13,2,160,60.0,0.00,1.000,2416.0,2416.0,dwell,STAY
8117.9,9.93,MCS13·MIMO·160MHz·0.8us,13,2,160,60.0,0.00,1.000,2416.0,2416.0,dwell,STAY
8127.8,9.93,MCS13·MIMO·160MHz·0.8us,13,2,160,60.0,0.00,1.000,2416.0,2416.0,dwell,STAY
8137.7,9.93,MCS13·MIMO·160MHz·0.8us,13,2,160,60.0,0.00,1.000,2416.0,2416.0,dwell,STAY
8147.7,9.93,MCS13·MIMO·160MHz·0.8us,13,2,160,60.0,0.00,1.000,2416.0,2416.0,dwell,STAY
8157.6,9.93,MCS13·MIMO·160MHz·0.8us,13,2,160,60.0,0.00,1.000,2416.0,2416.0,dwell,STAY
8167.5,9.93,MCS13·MIMO·160MHz·0.8us,13,2,160,60.0,0.00,1.000,2416.0,2416.0,dwell,STAY
8177.5,9.93,MCS13·MIMO·160MHz·0.8us,13,2,160,60.0,0.00,1.000,2416.0,2416.0,dwell,STAY
8187.4,9.93,MCS13·MIMO·160MHz·0.8us,13,2,160,60.0,0.00,1.000,2416.0,2416.0,dwell,STAY
8197.3,9.93,MCS13·MIMO·160MHz·0.8us,13,2,160,60.0,0.00,1.000,2416.0,2416.0,dwell,STAY
8207.3,9.93,MCS13·MIMO·160MHz·0.8us,13,2,160,60.0,0.00,1.000,2416.0,2416.0,dwell,STAY
8217.2,9.93,MCS13·MIMO·160MHz·0.8us,13,2,160,60.0,0.00,1.000,2416.0,2416.0,dwell,STAY
8227.1,0.20,MCS13·SISO·160MHz·0.8us,13,1,160,60.0,0.00,1.000,1208.0,2416.0,search,SEARCH
8227.3,0.20,MCS13·MIMO·80MHz·0.8us,13,2,80,60.0,0.00,1.000,1208.0,2416.0,search,SEARCH
8227.5,0.12,MCS13·MIMO·160MHz·3.2us,13,2,160,60.0,0.00,1.000,2053.6,2416.0,search,SEARCH
8227.7,9.93,MCS13·MIMO·160MHz·0.8us,13,2,160,60.0,0.00,1.000,2416.0,2416.0,dwell,STAY
8237.6,9.93,MCS13·MIMO·160MHz·0.8us,13,2,160,60.0,0.00,1.000,2416.0,2416.0,dwell,STAY
8247.5,9.93,MCS13·MIMO·160MHz·0.8us,13,2,160,60.0,0.00,1.000,2416.0,2416.0,dwell,STAY
8257.5,9.93,MCS13·MIMO·160MHz·0.8us,13,2,160,60.0,0.00,1.000,2416.0,2416.0,dwell,STAY
8267.4,9.93,MCS13·MIMO·160MHz·0.8us,13,2,160,60.0,0.00,1.000,2416.0,2416.0,dwell,STAY
8277.3,9.93,MCS13·MIMO·160MHz·0.8us,13,2,160,60.0,0.00,1.000,2416.0,2416.0,dwell,STAY
8287.3,9.93,MCS13·MIMO·160MHz·0.8us,13,2,160,60.0,0.00,1.000,2416.0,2416.0,dwell,STAY
8297.2,9.93,MCS13·MIMO·160MHz·0.8us,13,2,160,60.0,0.00,1.000,2416.0,2416.0,dwell,STAY
8307.1,9.93,MCS13·MIMO·160MHz·0.8us,13,2,160,60.0,0.00,1.000,2416.0,2416.0,dwell,STAY
8317.1,9.93,MCS13·MIMO·160MHz·0.8us,13,2,160,60.0,0.00,1.000,2416.0,2416.0,dwell,STAY
8327.0,9.93,MCS13·MIMO·160MHz·0.8us,13,2,160,60.0,0.00,1.000,2416.0,2416.0,dwell,STAY
8336.9,9.93,MCS13·MIMO·160MHz·0.8us,13,2,160,60.0,0.00,1.000,2416.0,2416.0,dwell,STAY
8346.9,9.93,MCS13·MIMO·160MHz·0.8us,13,2,160,60.0,0.00,1.000,2416.0,2416.0,dwell,STAY
8356.8,9.93,MCS13·MIMO·160MHz·0.8us,13,2,160,60.0,0.00,1.000,2416.0,2416.0,dwell,STAY
8366.7,9.93,MCS13·MIMO·160MHz·0.8us,13,2,160,60.0,0.00,1.000,2416.0,2416.0,dwell,STAY
8376.7,9.93,MCS13·MIMO·160MHz·0.8us,13,2,160,60.0,0.00,1.000,2416.0,2416.0,dwell,STAY
8386.6,9.93,MCS13·MIMO·160MHz·0.8us,13,2,160,60.0,0.00,1.000,2416.0,2416.0,dwell,STAY
8396.5,9.93,MCS13·MIMO·160MHz·0.8us,13,2,160,60.0,0.00,1.000,2416.0,2416.0,dwell,STAY
8406.5,9.93,MCS13·MIMO·160MHz·0.8us,13,2,160,60.0,0.00,1.000,2416.0,2416.0,dwell,STAY
8416.4,9.93,MCS13·MIMO·160MHz·0.8us,13,2,160,60.0,0.00,1.000,2416.0,2416.0,dwell,STAY
8426.3,9.93,MCS13·MIMO·160MHz·0.8us,13,2,160,60.0,0.00,1.000,2416.0,2416.0,dwell,STAY
8436.3,9.93,MCS13·MIMO·160MHz·0.8us,13,2,160,60.0,0.00,1.000,2416.0,2416.0,dwell,STAY
8446.2,9.93,MCS13·MIMO·160MHz·0.8us,13,2,160,60.0,0.00,1.000,2416.0,2416.0,dwell,STAY
8456.1,9.93,MCS13·MIMO·160MHz·0.8us,13,2,160,60.0,0.00,1.000,2416.0,2416.0,dwell,STAY
8466.1,9.93,MCS13·MIMO·160MHz·0.8us,13,2,160,60.0,0.00,1.000,2416.0,2416.0,dwell,STAY
8476.0,9.93,MCS13·MIMO·160MHz·0.8us,13,2,160,60.0,0.00,1.000,2416.0,2416.0,dwell,STAY
8485.9,9.93,MCS13·MIMO·160MHz·0.8us,13,2,160,60.0,0.00,1.000,2416.0,2416.0,dwell,STAY
8495.9,9.93,MCS13·MIMO·160MHz·0.8us,13,2,160,60.0,0.00,1.000,2416.0,2416.0,dwell,STAY
8505.8,9.93,MCS13·MIMO·160MHz·0.8us,13,2,160,60.0,0.00,1.000,2416.0,2416.0,dwell,STAY
8515.7,9.93,MCS13·MIMO·160MHz·0.8us,13,2,160,60.0,0.00,1.000,2416.0,2416.0,dwell,STAY
8525.7,9.93,MCS13·MIMO·160MHz·0.8us,13,2,160,60.0,0.00,1.000,2416.0,2416.0,dwell,STAY
8535.6,9.93,MCS13·MIMO·160MHz·0.8us,13,2,160,60.0,0.00,1.000,2416.0,2416.0,dwell,STAY
8545.5,0.20,MCS13·SISO·160MHz·0.8us,13,1,160,60.0,0.00,1.000,1208.0,2416.0,search,SEARCH
8545.7,0.20,MCS13·MIMO·80MHz·0.8us,13,2,80,60.0,0.00,1.000,1208.0,2416.0,search,SEARCH
8545.9,0.12,MCS13·MIMO·160MHz·3.2us,13,2,160,60.0,0.00,1.000,2053.6,2416.0,search,SEARCH
8546.1,9.93,MCS13·MIMO·160MHz·0.8us,13,2,160,60.0,0.00,1.000,2416.0,2416.0,dwell,STAY
8556.0,9.93,MCS13·MIMO·160MHz·0.8us,13,2,160,60.0,0.00,1.000,2416.0,2416.0,dwell,STAY
8565.9,9.93,MCS13·MIMO·160MHz·0.8us,13,2,160,60.0,0.00,1.000,2416.0,2416.0,dwell,STAY
8575.9,9.93,MCS13·MIMO·160MHz·0.8us,13,2,160,60.0,0.00,1.000,2416.0,2416.0,dwell,STAY
8585.8,9.93,MCS13·MIMO·160MHz·0.8us,13,2,160,60.0,0.00,1.000,2416.0,2416.0,dwell,STAY
8595.7,9.93,MCS13·MIMO·160MHz·0.8us,13,2,160,60.0,0.00,1.000,2416.0,2416.0,dwell,STAY
8605.7,9.93,MCS13·MIMO·160MHz·0.8us,13,2,160,60.0,0.00,1.000,2416.0,2416.0,dwell,STAY
8615.6,9.93,MCS13·MIMO·160MHz·0.8us,13,2,160,60.0,0.00,1.000,2416.0,2416.0,dwell,STAY
8625.5,9.93,MCS13·MIMO·160MHz·0.8us,13,2,160,60.0,0.00,1.000,2416.0,2416.0,dwell,STAY
8635.5,9.93,MCS13·MIMO·160MHz·0.8us,13,2,160,60.0,0.00,1.000,2416.0,2416.0,dwell,STAY
8645.4,9.93,MCS13·MIMO·160MHz·0.8us,13,2,160,60.0,0.00,1.000,2416.0,2416.0,dwell,STAY
8655.3,9.93,MCS13·MIMO·160MHz·0.8us,13,2,160,60.0,0.00,1.000,2416.0,2416.0,dwell,STAY
8665.3,9.93,MCS13·MIMO·160MHz·0.8us,13,2,160,60.0,0.00,1.000,2416.0,2416.0,dwell,STAY
8675.2,9.93,MCS13·MIMO·160MHz·0.8us,13,2,160,60.0,0.00,1.000,2416.0,2416.0,dwell,STAY
8685.1,9.93,MCS13·MIMO·160MHz·0.8us,13,2,160,60.0,0.00,1.000,2416.0,2416.0,dwell,STAY
8695.1,9.93,MCS13·MIMO·160MHz·0.8us,13,2,160,60.0,0.00,1.000,2416.0,2416.0,dwell,STAY
8705.0,9.93,MCS13·MIMO·160MHz·0.8us,13,2,160,60.0,0.00,1.000,2416.0,2416.0,dwell,STAY
8714.9,9.93,MCS13·MIMO·160MHz·0.8us,13,2,160,60.0,0.00,1.000,2416.0,2416.0,dwell,STAY
8724.9,9.93,MCS13·MIMO·160MHz·0.8us,13,2,160,60.0,0.00,1.000,2416.0,2416.0,dwell,STAY
8734.8,9.93,MCS13·MIMO·160MHz·0.8us,13,2,160,60.0,0.00,1.000,2416.0,2416.0,dwell,STAY
8744.7,9.93,MCS13·MIMO·160MHz·0.8us,13,2,160,60.0,0.00,1.000,2416.0,2416.0,dwell,STAY
8754.7,9.93,MCS13·MIMO·160MHz·0.8us,13,2,160,60.0,0.00,1.000,2416.0,2416.0,dwell,STAY
8764.6,9.93,MCS13·MIMO·160MHz·0.8us,13,2,160,60.0,0.00,1.000,2416.0,2416.0,dwell,STAY
8774.5,9.93,MCS13·MIMO·160MHz·0.8us,13,2,160,60.0,0.00,1.000,2416.0,2416.0,dwell,STAY
8784.5,9.93,MCS13·MIMO·160MHz·0.8us,13,2,160,60.0,0.00,1.000,2416.0,2416.0,dwell,STAY
8794.4,9.93,MCS13·MIMO·160MHz·0.8us,13,2,160,60.0,0.00,1.000,2416.0,2416.0,dwell,STAY
8804.3,9.93,MCS13·MIMO·160MHz·0.8us,13,2,160,60.0,0.00,1.000,2416.0,2416.0,dwell,STAY
8814.3,9.93,MCS13·MIMO·160MHz·0.8us,13,2,160,60.0,0.00,1.000,2416.0,2416.0,dwell,STAY
8824.2,9.93,MCS13·MIMO·160MHz·0.8us,13,2,160,60.0,0.00,1.000,2416.0,2416.0,dwell,STAY
8834.1,9.93,MCS13·MIMO·160MHz·0.8us,13,2,160,60.0,0.00,1.000,2416.0,2416.0,dwell,STAY
8844.1,9.93,MCS13·MIMO·160MHz·0.8us,13,2,160,60.0,0.00,1.000,2416.0,2416.0,dwell,STAY
8854.0,9.93,MCS13·MIMO·160MHz·0.8us,13,2,160,60.0,0.00,1.000,2416.0,2416.0,dwell,STAY
8863.9,0.20,MCS13·SISO·160MHz·0.8us,13,1,160,60.0,0.00,1.000,1208.0,2416.0,search,SEARCH
8864.1,0.20,MCS13·MIMO·80MHz·0.8us,13,2,80,60.0,0.00,1.000,1208.0,2416.0,search,SEARCH
8864.3,0.12,MCS13·MIMO·160MHz·3.2us,13,2,160,60.0,0.00,1.000,2053.6,2416.0,search,SEARCH
8864.4,9.93,MCS13·MIMO·160MHz·0.8us,13,2,160,60.0,0.00,1.000,2416.0,2416.0,dwell,STAY
8874.4,9.93,MCS13·MIMO·160MHz·0.8us,13,2,160,60.0,0.00,1.000,2416.0,2416.0,dwell,STAY
8884.3,9.93,MCS13·MIMO·160MHz·0.8us,13,2,160,60.0,0.00,1.000,2416.0,2416.0,dwell,STAY
8894.2,9.93,MCS13·MIMO·160MHz·0.8us,13,2,160,60.0,0.00,1.000,2416.0,2416.0,dwell,STAY
8904.2,9.93,MCS13·MIMO·160MHz·0.8us,13,2,160,60.0,0.00,1.000,2416.0,2416.0,dwell,STAY
8914.1,9.93,MCS13·MIMO·160MHz·0.8us,13,2,160,60.0,0.00,1.000,2416.0,2416.0,dwell,STAY
8924.0,9.93,MCS13·MIMO·160MHz·0.8us,13,2,160,60.0,0.00,1.000,2416.0,2416.0,dwell,STAY
8934.0,9.93,MCS13·MIMO·160MHz·0.8us,13,2,160,60.0,0.00,1.000,2416.0,2416.0,dwell,STAY
8943.9,9.93,MCS13·MIMO·160MHz·0.8us,13,2,160,60.0,0.00,1.000,2416.0,2416.0,dwell,STAY
8953.9,9.93,MCS13·MIMO·160MHz·0.8us,13,2,160,60.0,0.00,1.000,2416.0,2416.0,dwell,STAY
8963.8,9.93,MCS13·MIMO·160MHz·0.8us,13,2,160,60.0,0.00,1.000,2416.0,2416.0,dwell,STAY
8973.7,9.93,MCS13·MIMO·160MHz·0.8us,13,2,160,60.0,0.00,1.000,2416.0,2416.0,dwell,STAY
8983.7,9.93,MCS13·MIMO·160MHz·0.8us,13,2,160,60.0,0.00,1.000,2416.0,2416.0,dwell,STAY
8993.6,9.93,MCS13·MIMO·160MHz·0.8us,13,2,160,60.0,0.00,1.000,2416.0,2416.0,dwell,STAY
